,Geographic Identifier - FIPS Code,Area of Land (Square Meters),Area of Water (Square Meters),Name,State,County,Median Earnings of Total Full-Time Year-Round Civilian Employed Population 16 Years and Over with Earnings,Median Earnings of Total Full-Time Year-Round Civilian Employed Population 16 Years and Over with Earnings - Margin of Error,Median Earnings of Male Full-Time Year-Round Civilian Employed Population 16 Years and Over with Earnings,Median Earnings of Male Full-Time Year-Round Civilian Employed Population 16 Years and Over with Earnings - Margin of Error,Median Earnings of Males in Management Occupations,Median Earnings of Males in Management Occupations - Margin of Error,Median Earnings of Males in Business and Financial Operations Occupations,Median Earnings of Males in Business and Financial Operations Occupations - Margin of Error,Median Earnings of Males in Computer and Mathematical Occupations,Median Earnings of Males in Computer and Mathematical Occupations - Margin of Error,Median Earnings of Males in Architecture and Engineering Occupations,Median Earnings of Males in Architecture and Engineering Occupations - Margin of Error,"Median Earnings of Males in Life, Physical, and Social Science Occupations","Median Earnings of Males in Life, Physical, and Social Science Occupations - Margin of Error",Median Earnings of Males in Community and Social Service Occupations,Median Earnings of Males in Community and Social Service Occupations - Margin of Error,Median Earnings of Males in Legal Occupations,Median Earnings of Males in Legal Occupations - Margin of Error,"Median Earnings of Males in Education, Training, and Library Occupations","Median Earnings of Males in Education, Training, and Library Occupations - Margin of Error","Median Earnings of Males in Arts, Design, Entertainment, Sports, and Media Occupations","Median Earnings of Males in Arts, Design, Entertainment, Sports, and Media Occupations - Margin of Error",Median Earnings of Males in Health Diagnosing and Treating Practitioners and Other Technical Occupations,Median Earnings of Males in Healthcare Support Occupations,Median Earnings of Males in Health Diagnosing and Treating Practitioners and Other Technical Occupations - Margin of Error,Median Earnings of Males in Healthcare Support Occupations - Margin of Error,Median Earnings of Males in Health Technologists and Technicians Occupations,"Median Earnings of Males in Fire Fighting and Prevention, and Other Protective Service Workers including Supervisors",Median Earnings of Males in Health Technologists and Technicians Occupations - Margin of Error,"Median Earnings of Males in Fire Fighting and Prevention, and Other Protective Service Workers including Supervisors - Margin of Error",Median Earnings of Males in Law Enforcement Workers including Supervisors,Median Earnings of Males in Law Enforcement Workers including Supervisors - Margin of Error,Median Earnings of Males in Food Preparation and Serving Related Occupations,Median Earnings of Males in Food Preparation and Serving Related Occupations - Margin of Error,Median Earnings of Males in Building and Grounds Cleaning and Maintenance Occupations,Median Earnings of Males in Building and Grounds Cleaning and Maintenance Occupations - Margin of Error,Median Earnings of Males in Personal Care and Service Occupations,Median Earnings of Males in Personal Care and Service Occupations - Margin of Error,Median Earnings of Males in Sales and Related Occupations,Median Earnings of Males in Sales and Related Occupations - Margin of Error,Median Earnings of Males in Office and Administrative Support Occupations,Median Earnings of Males in Office and Administrative Support Occupations - Margin of Error,"Median Earnings of Males in Farming, Fishing, and Forestry Occupations","Median Earnings of Males in Farming, Fishing, and Forestry Occupations - Margin of Error",Median Earnings of Males in Construction and Extraction Occupations,Median Earnings of Males in Construction and Extraction Occupations - Margin of Error,"Median Earnings of Males in Installation, Maintenance, and Repair Occupations","Median Earnings of Males in Installation, Maintenance, and Repair Occupations - Margin of Error",Median Earnings of Males in Production Occupations,Median Earnings of Males in Production Occupations - Margin of Error,Median Earnings of Males in Transportation Occupations,Median Earnings of Males in Transportation Occupations - Margin of Error,Median Earnings of Males in Material Moving Occupations,Median Earnings of Males in Material Moving Occupations - Margin of Error,Median Earnings of Female Full-Time Year-Round Civilian Employed Population 16 Years and Over with Earnings,Median Earnings of Female Full-Time Year-Round Civilian Employed Population 16 Years and Over with Earnings - Margin of Error,Median Earnings of Females in Management Occupations,Median Earnings of Females in Management Occupations - Margin of Error,Median Earnings of Females in Business and Financial Operations Occupations,Median Earnings of Females in Business and Financial Operations Occupations - Margin of Error,Median Earnings of Females in Computer and Mathematical Occupations,Median Earnings of Females in Computer and Mathematical Occupations - Margin of Error,Median Earnings of Females in Architecture and Engineering Occupations,Median Earnings of Females in Architecture and Engineering Occupations - Margin of Error,"Median Earnings of Females in Life, Physical, and Social Science Occupations","Median Earnings of Females in Life, Physical, and Social Science Occupations - Margin of Error",Median Earnings of Females in Community and Social Service Occupations,Median Earnings of Females in Community and Social Service Occupations - Margin of Error,Median Earnings of Females in Legal Occupations,Median Earnings of Females in Legal Occupations - Margin of Error,"Median Earnings of Females in Educational Instruction, and Library Occupations","Median Earnings of Females in Educational Instruction, and Library Occupations - Margin of Error","Median Earnings of Females in Arts, Design, Entertainment, Sports, and Media Occupations","Median Earnings of Females in Arts, Design, Entertainment, Sports, and Media Occupations - Margin of Error",Median Earnings of Females in Health Diagnosing and Treating Practitioners and Other Technical Occupations,Median Earnings of Females in Health Diagnosing and Treating Practitioners and Other Technical Occupations - Margin of Error,Median Earnings of Females in Health Technologists and Technicians Occupations,Median Earnings of Females in Health Technologists and Technicians Occupations - Margin of Error,Median Earnings of Females in Healthcare Support Occupations,Median Earnings of Females in Healthcare Support Occupations - Margin of Error,"Median Earnings of Females in Fire Fighting and Prevention, and Other Protective Service Workers including Supervisors","Median Earnings of Females in Fire Fighting and Prevention, and Other Protective Service Workers including Supervisors - Margin of Error",Median Earnings of Females in Law Enforcement Workers including Supervisors,Median Earnings of Females in Law Enforcement Workers including Supervisors - Margin of Error,Median Earnings of Females in Food Preparation and Serving Related Occupations,Median Earnings of Females in Food Preparation and Serving Related Occupations - Margin of Error,Median Earnings of Females in Building and Grounds Cleaning and Maintenance Occupations,Median Earnings of Females in Building and Grounds Cleaning and Maintenance Occupations - Margin of Error,Median Earnings of Females in Personal Care and Service Occupations,Median Earnings of Females in Personal Care and Service Occupations - Margin of Error,Median Earnings of Females in Sales and Related Occupations,Median Earnings of Females in Sales and Related Occupations - Margin of Error,Median Earnings of Females in Office and Administrative Support Occupations,Median Earnings of Females in Office and Administrative Support Occupations - Margin of Error,"Median Earnings of Females in Farming, Fishing, and Forestry Occupations","Median Earnings of Females in Farming, Fishing, and Forestry Occupations - Margin of Error",Median Earnings of Females in Construction and Extraction Occupations,Median Earnings of Females in Construction and Extraction Occupations - Margin of Error,"Median Earnings of Females in Installation, Maintenance, and Repair Occupations","Median Earnings of Females in Installation, Maintenance, and Repair Occupations - Margin of Error",Median Earnings of Females in Production Occupations,Median Earnings of Females in Production Occupations - Margin of Error,Median Earnings of Females in Transportation Occupations,Median Earnings of Females in Transportation Occupations - Margin of Error,Median Earnings of Females in Material Moving Occupations,Median Earnings of Females in Material Moving Occupations - Margin of Error,Female Earnings as a Percent of Male Earnings for Management Occupations,Female Earnings as a Percent of Male Earnings for Management Occupations - Margin of Error,Female Earnings as a Percent of Male Earnings for Business and Financial Operations Occupations,Female Earnings as a Percent of Male Earnings for Business and Financial Operations Occupations - Margin of Error,Female Earnings as a Percent of Male Earnings for Computer and Mathematical Occupations,Female Earnings as a Percent of Male Earnings for Computer and Mathematical Occupations - Margin of Error,Female Earnings as a Percent of Male Earnings for Architecture and Engineering Occupations,Female Earnings as a Percent of Male Earnings for Architecture and Engineering Occupations - Margin of Error,"Female Earnings as a Percent of Male Earnings for Life, Physical, and Social Science Occupations","Female Earnings as a Percent of Male Earnings for Life, Physical, and Social Science Occupations - Margin of Error",Female Earnings as a Percent of Male Earnings for Community and Social Service Occupations,Female Earnings as a Percent of Male Earnings for Community and Social Service Occupations - Margin of Error,Female Earnings as a Percent of Male Earnings for Legal Occupations,Female Earnings as a Percent of Male Earnings for Legal Occupations - Margin of Error,"Female Earnings as a Percent of Male Earnings for Educational Instruction, and Library Occupations","Female Earnings as a Percent of Male Earnings for Educational Instruction, and Library Occupations - Margin of Error","Female Earnings as a Percent of Male Earnings for Arts, Design, Entertainment, Sports, and Media Occupations","Female Earnings as a Percent of Male Earnings for Arts, Design, Entertainment, Sports, and Media Occupations - Margin of Error",Female Earnings as a Percent of Male Earnings for Health Diagnosing and Treating Practitioners and Other Technical Occupations,Female Earnings as a Percent of Male Earnings for Health Diagnosing and Treating Practitioners and Other Technical Occupations - Margin of Error,Female Earnings as a Percent of Male Earnings for Health Technologists and Technicians,Female Earnings as a Percent of Male Earnings for Health Technologists and Technicians - Margin of Error,Female Earnings as a Percent of Male Earnings for Healthcare Support Occupations,Female Earnings as a Percent of Male Earnings for Healthcare Support Occupations - Margin of Error,Female Earnings as a Percent of Male Earnings for Fire Fighting and Prevention and Other Protective Service Occupations,Female Earnings as a Percent of Male Earnings for Fire Fighting and Prevention and Other Protective Service Occupations - Margin of Error,Female Earnings as a Percent of Male Earnings for Law Enforcement Occupations,Female Earnings as a Percent of Male Earnings for Law Enforcement Occupations - Margin of Error,Female Earnings as a Percent of Male Earnings for Food Preparation and Serving Occupations,Female Earnings as a Percent of Male Earnings for Food Preparation and Serving Occupations - Margin of Error,Female Earnings as a Percent of Male Earnings for Building and Grounds Cleaning and Maintenance Occupations,Female Earnings as a Percent of Male Earnings for Building and Grounds Cleaning and Maintenance Occupations - Margin of Error,Female Earnings as a Percent of Male Earnings for Personal Care and Service Occupations,Female Earnings as a Percent of Male Earnings for Personal Care and Service Occupations - Margin of Error,Female Earnings as a Percent of Male Earnings for Sales and Related Occupations,Female Earnings as a Percent of Male Earnings for Sales and Related Occupations - Margin of Error,Female Earnings as a Percent of Male Earnings for Office and Administrative Support Occupations,Female Earnings as a Percent of Male Earnings for Office and Administrative Support Occupations - Margin of Error,"Female Earnings as a Percent of Male Earnings for Farming, Fishing, and Forestry Occupations","Female Earnings as a Percent of Male Earnings for Farming, Fishing, and Forestry Occupations - Margin of Error",Female Earnings as a Percent of Male Earnings for Construction and Extraction Occupations,Female Earnings as a Percent of Male Earnings for Construction and Extraction Occupations - Margin of Error,"Female Earnings as a Percent of Male Earnings for Installation, Maintenance, and Repair Occupations","Female Earnings as a Percent of Male Earnings for Installation, Maintenance, and Repair Occupations - Margin of Error",Female Earnings as a Percent of Male Earnings for Production Occupations,Female Earnings as a Percent of Male Earnings for Production Occupations - Margin of Error,Female Earnings as a Percent of Male Earnings for Transportation Occupations,Female Earnings as a Percent of Male Earnings for Transportation Occupations - Margin of Error,Female Earnings as a Percent of Male Earnings for Material Moving Occupations,Female Earnings as a Percent of Male Earnings for Material Moving Occupations - Margin of Error,x,y,zip,tract
0,53033000300,1211013,0,Census Tract 3,Washington,King County,77564,9426,78309,16050,66809.0,93277.0,78472.0,50561.0,116528.0,77792.0,104567.0,10921.0,80313.0,45461.0,,,,,,,,,128462.0,,23994.0,,,,,,,,,,,,,,60833.0,40204.0,53828.0,26549.0,,,84750.0,33963.0,59167.0,54130.0,50000.0,50262.0,89125.0,64869.0,,,77050,14560,158646.0,78978.0,82188.0,29501.0,187768.0,105648.0,,,,,,,,,76250.0,29927.0,,,66042.0,88721.0,92986.0,31034.0,,,,,,,,,,,,,60903.0,26942.0,45446.0,18491.0,,,,,,,,,,,,,237.5,351.983469586922,104.7,77.2482482780689,161.1,140.681812811254,,,,,,,,,,,,,51.4,68.3932243820935,,,,,,,,,,,,,,,100.1,79.6197121243509,84.4,53.9822465104449,,,,,,,,,,,,,,,98133,53033000300
1,53033000402,1798938,0,Census Tract 4.02,Washington,King County,67787,14919,67973,18576,185521.0,8948.0,69031.0,31128.0,147622.0,47726.0,188173.0,100610.0,73021.0,26858.0,,,,,,,,,,,,,,,,,,,,,43750.0,14944.0,,,22885.0,150395.0,60125.0,33057.0,,,38750.0,95825.0,,,48425.0,1931.0,,,,,67259,19985,,,87917.0,39285.0,108563.0,13682.0,,,,,,,,,63750.0,26395.0,,,,,,,,,,,,,39861.0,37976.0,,,,,,,78376.0,1771.0,,,,,,,,,,,,,,,127.4,80.8505845542494,73.5,25.5183912207757,,,,,,,,,,,,,,,,,,,,,,,,,,,,,,,130.4,71.7303297123394,,,,,,,,,,,,,,,98133,53033000402
2,53033000500,2898252,953717,Census Tract 5,Washington,King County,126957,13994,150000,40428,117321.0,98310.0,155417.0,34649.0,204519.0,124043.0,133500.0,39909.0,,,,,250001.0,,,,187917.0,165729.0,,,,,,,,,,,,,,,,,250001.0,,,,,,,,120125.0,74220.0,,,,,,,99643,34404,99464.0,90201.0,200208.0,129760.0,131429.0,111407.0,,,,,79583.0,36953.0,139167.0,68566.0,116875.0,81258.0,,,145694.0,92696.0,,,,,,,,,,,,,,,64625.0,169173.0,102750.0,40358.0,,,,,,,,,,,,,84.8,29.3980438153625,128.8,78.3966155750216,64.3,38.0546080097458,,,,,,,55.7,,,,,,,,,,,,,,,,,,,,,,25.8,,,,,,,,,,,,,,,,,,98177,53033000500
3,53033000700,1294438,0,Census Tract 7,Washington,King County,57948,18665,63378,7629,109931.0,75609.0,67500.0,72990.0,107241.0,73992.0,101042.0,34410.0,,,,,,,59141.0,108077.0,,,,,,,,,,,,,,,,,,,70156.0,45066.0,62348.0,7821.0,,,44421.0,22066.0,98250.0,1149.0,63729.0,27110.0,,,,,44538,8159,83824.0,27517.0,29455.0,10911.0,,,,,,,72723.0,21573.0,,,44792.0,47354.0,,,79773.0,229682.0,,,,,,,,,9136.0,9966.0,,,,,30750.0,288174.0,43665.0,16742.0,,,,,,,,,,,,,76.3,58.1119971875212,43.6,49.87810244496,,,,,,,,,,,75.7,159.898416018492,,,,,,,,,,,,,,,,,,,43.8,409.795635545397,70.0,25.3747441611745,,,,,,,,,,,,,,,98125,53033000700
4,53033000800,1141931,0,Census Tract 8,Washington,King County,102228,11242,119327,23933,124167.0,27014.0,,,131159.0,979.0,135833.0,51709.0,12330.0,131803.0,,,,,,,,,,,,,,,,,,,,,,,,,,,162885.0,184484.0,,,66406.0,158828.0,,,,,,,,,97344,15761,114028.0,299108.0,57063.0,51230.0,101033.0,6131.0,,,133750.0,128921.0,,,,,,,,,76771.0,26295.0,,,,,,,,,,,,,,,,,48929.0,15536.0,,,,,,,,,,,,,91.8,240.061711959848,,,77.0,4.63898233512422,,,1084.8,11642.6376917066,,,,,,,,,,,,,,,,,,,,,,,,,,,30.0,35.3339266326673,,,,,,,,,,,,,,,98125,53033000800
5,53033000900,1004853,1849039,Census Tract 9,Washington,King County,107895,16532,110750,11913,95000.0,14762.0,73750.0,37159.0,150250.0,20739.0,77321.0,123250.0,,,,,242500.0,210293.0,,,,,241667.0,,193159.0,,,,,,,,,,24479.0,117582.0,,,238250.0,145042.0,,,,,,,,,,,,,,,94688,25504,51250.0,120345.0,116607.0,34370.0,,,,,,,,,,,108250.0,94809.0,,,98438.0,209018.0,,,,,,,,,,,,,,,143750.0,93311.0,56167.0,15642.0,,,,,,,,,,,,,53.9,126.401279577542,158.1,92.2946443671552,,,,,,,,,,,,,,,40.7,80.1285442347364,,,,,,,,,,,,,,,60.3,13.5913420103738,,,,,,,,,,,,,,,,,98125,53033000900
6,53033001000,954203,0,Census Tract 10,Washington,King County,91780,10744,93333,12081,131176.0,6433.0,,,125179.0,6180.0,100139.0,47067.0,,,,,,,94375.0,35087.0,,,,,,,,,,,,,,,,,,,32727.0,7898.0,,,,,,,,,,,,,,,90104,27803,108393.0,39952.0,102250.0,21168.0,,,,,91250.0,57084.0,,,,,89375.0,31385.0,64583.0,33904.0,158047.0,54241.0,,,,,,,,,,,,,,,32969.0,98870.0,,,,,,,,,,,,,,,82.6,30.1860007307411,,,,,,,,,,,,,94.7,48.4311896739419,,,,,,,,,,,,,,,,,,,100.7,301.12549512808,,,,,,,,,,,,,,,,,98125,53033001000
7,53033001100,1060685,0,Census Tract 11,Washington,King County,69479,14808,84063,30950,165875.0,26378.0,158654.0,49184.0,134750.0,22445.0,100658.0,1873.0,62125.0,48071.0,,,,,,,88958.0,31689.0,,,,,,,,,,,32344.0,17716.0,,,,,,,61818.0,116231.0,,,51116.0,18641.0,,,,,,,,,57337,22771,71250.0,92071.0,70000.0,42442.0,45972.0,41671.0,,,,,,,,,73098.0,32727.0,79531.0,21896.0,76016.0,42768.0,,,,,,,,,,,,,,,,,41622.0,7550.0,,,,,,,,,,,,,43.0,55.084352813098,44.1,22.990139136129,34.1,30.3980650041483,,,,,,,,,,,89.4,40.2505115041204,,,,,,,,,,,,,,,,,,,67.3,127.182328875772,,,,,,,,,,,,,,,98125,53033001100
8,53033001300,1180877,0,Census Tract 13,Washington,King County,71875,9623,64384,29172,91875.0,32452.0,,,107500.0,65946.0,94511.0,59137.0,,,100083.0,115024.0,79353.0,38570.0,,,,,,,,,,,,,,,29706.0,11823.0,,,,,43974.0,8868.0,,,,,,,,,,,,,,,72249,9538,104257.0,36007.0,56806.0,6526.0,89766.0,42362.0,,,,,,,78949.0,55564.0,71190.0,455.0,,,131250.0,23645.0,,,,,,,,,53286.0,38779.0,,,,,,,37083.0,22625.0,,,,,,,,,,,,,113.5,56.0583927184584,,,83.5,64.6288723115903,,,,,,,99.5,50.6406214391609,,,,,,,,,,,,,,,179.4,109.290886594277,,,,,,,,,,,,,,,,,,,,,,,98133,53033001300
9,53033001400,2152767,213389,Census Tract 14,Washington,King County,83889,23483,97768,29961,106250.0,95120.0,117054.0,33021.0,,,92308.0,37650.0,113382.0,161394.0,,,,,,,,,146250.0,,983.0,,,,,,,,20667.0,19281.0,,,,,146000.0,68936.0,,,,,,,,,,,,,,,76627,13436,88750.0,87514.0,71875.0,20366.0,183003.0,114976.0,,,,,73686.0,14257.0,,,66786.0,99058.0,,,136319.0,54687.0,,,,,,,,,,,,,63309.0,10865.0,,,38786.0,17494.0,,,,,,,,,,,,,83.5,34.5283892950024,61.4,1.63408460357794,,,,,,,,,,,,,,,93.2,37.3875718511346,,,,,,,,,,,,,,,,,,,,,,,,,,,,,,,,,98133,53033001400
10,53033001500,1167711,526885,Census Tract 15,Washington,King County,83451,24857,100729,40075,134583.0,42170.0,188854.0,141116.0,134904.0,38925.0,71667.0,336846.0,104750.0,153838.0,,,,,80197.0,6864.0,,,167386.0,,259453.0,,,,,,,,45313.0,32614.0,,,,,250001.0,,102813.0,162703.0,,,,,,,79792.0,42030.0,72857.0,32803.0,,,81000,18929,138000.0,29677.0,,,61292.0,1583.0,,,,,,,,,112188.0,35666.0,84000.0,20929.0,102969.0,16207.0,,,,,,,,,,,,,,,,,51389.0,51680.0,,,,,,,,,,,,,102.5,38.9685347860023,,,45.4,13.1618105096316,,,,,,,,,139.9,42.8309555155981,,,61.5,95.8417054474052,,,,,,,,,,,,,,,,,50.0,93.719186765318,,,,,,,,,,,,,,,98117,53033001500
11,53033001600,2020358,320118,Census Tract 16,Washington,King County,121616,13189,143672,33710,224432.0,61901.0,158368.0,41297.0,161250.0,51053.0,79115.0,72120.0,,,,,,,91146.0,63728.0,112901.0,9854.0,250001.0,,,,,,,,,,,,,,,,59728.0,159084.0,82989.0,6854.0,,,115500.0,94818.0,,,,,,,,,99786,18693,111731.0,47086.0,90536.0,23465.0,114107.0,45663.0,,,,,,,161125.0,167316.0,188399.0,59634.0,98849.0,1283.0,125227.0,35647.0,,,,,,,,,,,,,,,81845.0,96948.0,93281.0,45810.0,,,,,,,,,,,,,49.8,15.8626440483653,57.2,21.0183238904052,70.8,17.3192973372827,,,,,,,,,206.7,158.641916553056,87.6,7.72572167181129,50.1,,,,,,,,,,,,,,,,137.0,399.440771798385,112.4,54.4138986102733,,,,,,,,,,,,,,,98117,53033001600
12,53033001701,892768,0,Census Tract 17.01,Washington,King County,67317,6801,76108,13626,124219.0,53456.0,93313.0,65746.0,117206.0,2724.0,105833.0,44794.0,,,,,,,69868.0,19307.0,,,,,,,,,,,,,38472.0,22894.0,,,,,,,49333.0,20043.0,,,,,,,,,,,52941.0,35150.0,65549,5610,96538.0,56616.0,68481.0,8251.0,112361.0,27841.0,,,,,,,,,51364.0,6361.0,,,81616.0,5228.0,,,19779.0,37894.0,,,,,,,,,43403.0,80676.0,51083.0,84296.0,65893.0,8246.0,,,,,,,,,,,,,77.7,30.9646756580273,73.4,52.4582790130427,95.9,23.6491810243884,,,,,,,,,73.5,22.2618070554416,,,,,,,,,,,,,,,,,,,,,133.6,56.7818424621479,,,,,,,,,,,,,,,98103,53033001701
13,53033001702,1280220,0,Census Tract 17.02,Washington,King County,70926,16460,66028,21001,87486.0,20061.0,128708.0,49898.0,136635.0,103445.0,81750.0,55285.0,115781.0,56708.0,,,,,,,,,,38771.0,,5492.0,,,,,,,,,32321.0,24001.0,,,39710.0,97120.0,83640.0,33131.0,,,49635.0,6671.0,,,,,,,,,76858,19973,99635.0,71268.0,76791.0,10077.0,,,,,94417.0,179695.0,,,,,66855.0,18822.0,,,,,,,,,,,,,,,,,,,,,91447.0,42246.0,,,,,,,,,,,,,113.9,77.1628235666724,59.7,24.4195053826371,,,,,81.5,149.975075997965,,,,,,,,,,,,,,,,,,,,,,,,,,,109.3,25.9911807877225,,,,,,,,,,,,,,,98117,53033001702
14,53033001800,946085,0,Census Tract 18,Washington,King County,79348,3646,80237,4814,82969.0,22623.0,89803.0,37486.0,123857.0,26885.0,47321.0,68096.0,,,,,,,41181.0,25874.0,72422.0,182965.0,,,,,,,,,,,,,,,,,85714.0,22155.0,65197.0,40585.0,,,,,,,106250.0,70536.0,,,,,67794,23185,125662.0,32138.0,120521.0,115182.0,66250.0,73772.0,,,58778.0,9002.0,,,83964.0,11667.0,,,,,81389.0,19165.0,,,,,,,,,,,,,,,59150.0,2497.0,59732.0,47961.0,,,,,,,,,,,,,151.5,56.6203983137608,134.2,115.379710416328,53.5,58.419636803511,,,,,,,,,,,,,,,,,,,,,,,,,,,,,69.0,18.0733747093739,91.6,46.4641125286535,,,,,,,,,,,,,,,98103,53033001800
15,53033001900,1667272,0,Census Tract 19,Washington,King County,86628,14202,102453,7682,119028.0,17415.0,76979.0,33336.0,164572.0,5394.0,101563.0,24596.0,,,,,,,54531.0,47639.0,91667.0,219958.0,,,,,,,,,,,39531.0,114426.0,,,,,59000.0,253671.0,58875.0,18602.0,,,,,110938.0,186264.0,,,,,,,69944,7874,104167.0,35582.0,68194.0,14940.0,108889.0,35298.0,108977.0,12139.0,,,37888.0,15448.0,99000.0,42418.0,58750.0,12659.0,73707.0,4811.0,90909.0,94158.0,111250.0,69608.0,,,,,,,,,,,,,48750.0,18494.0,49490.0,14918.0,,,,,,,,,,,,,87.5,27.0127734503927,88.6,42.993061497433,66.2,21.3384482215397,107.3,28.6023133064552,,,,,,,107.7,96.9409454794213,80.4,193.011452129379,,,,,,,,,,,,,,,,,82.6,356.636201374401,84.1,36.70732816261,,,,,,,,,,,,,,,98115,53033001900
16,53033002000,1103313,28680,Census Tract 20,Washington,King County,93558,19168,99242,11991,130278.0,91727.0,136146.0,59989.0,113125.0,28474.0,118594.0,34098.0,189010.0,37457.0,,,,,98182.0,38004.0,,,,,,,,,,,,,,,105078.0,23224.0,,,98325.0,25205.0,,,,,,,,,,,,,,,76964,19418,97734.0,82527.0,62054.0,8300.0,77232.0,32732.0,,,74875.0,12824.0,,,,,68897.0,24718.0,73250.0,46706.0,143458.0,25251.0,,,,,,,,,,,,,,,97768.0,75093.0,76250.0,76286.0,,,,,,,,,,,,,75.0,34.9691369706669,45.6,20.9880583141326,68.3,23.2787829373417,,,39.6,10.3761771593747,,,,,70.2,37.0351703205865,,,,,,,,,,,,,,,,,,,99.4,71.9932010242968,,,,,,,,,,,,,,,,,98115,53033002000
17,53033002100,1365468,0,Census Tract 21,Washington,King County,99550,17128,113878,12849,138375.0,52859.0,250001.0,,136818.0,72840.0,96442.0,58237.0,82321.0,168743.0,,,,,64609.0,98910.0,,,250001.0,,,,,,,,,,53472.0,35128.0,,,,,114487.0,25293.0,,,,,83851.0,598.0,,,,,,,,,82063,36259,97609.0,51029.0,105739.0,41127.0,109786.0,90368.0,,,58036.0,43382.0,60139.0,68617.0,,,49904.0,31316.0,,,127885.0,93886.0,,,,,,,,,,,,,,,56875.0,124072.0,44167.0,11551.0,,,,,,,,,,,,,70.5,25.1764340075281,42.3,,80.2,50.3744289214799,,,70.5,153.820256615769,,,,,77.2,127.795372619718,,,51.2,,,,,,,,,,,,,,,,49.7,107.814957879204,,,,,,,,,,,,,,,,,98115,53033002100
18,53033002200,2804076,1154953,Census Tract 22,Washington,King County,115942,20305,116672,22826,156387.0,25708.0,110156.0,19906.0,207981.0,54797.0,97222.0,85397.0,116232.0,2037.0,,,171118.0,118658.0,74375.0,15998.0,125441.0,64416.0,250001.0,,,,,,,,,,,,,,,,74750.0,136661.0,,,,,,,,,,,,,,,106815,32917,107115.0,117210.0,125714.0,217995.0,,,,,,,,,250001.0,,100556.0,66698.0,,,138886.0,25184.0,,,,,,,,,,,,,,,156198.0,105994.0,73068.0,40546.0,,,,,,,,,,,,,68.5,74.0981113384682,114.1,196.819117006804,,,,,,,,,146.1,,135.2,84.8315722529289,,,55.6,,,,,,,,,,,,,,,,209.0,407.496903823084,,,,,,,,,,,,,,,,,98115,53033002200
19,53033002400,962528,0,Census Tract 24,Washington,King County,94547,11976,105433,29788,165357.0,26309.0,210982.0,97886.0,156528.0,147841.0,,,88841.0,15164.0,,,,,93732.0,505.0,,,,,,,,,,,,,,,,,,,79659.0,115128.0,36058.0,62636.0,,,,,,,,,,,,,84099,16346,135156.0,122571.0,163229.0,155581.0,,,,,93036.0,50721.0,,,178426.0,25000.0,105396.0,2722.0,,,83934.0,610.0,,,,,,,,,,,,,,,,,36458.0,6448.0,,,,,,,,,,,,,81.7,72.9754002581298,77.4,64.4156669980831,,,,,104.7,54.22157742148,,,,,112.4,2.84013123759413,,,,,,,,,,,,,,,,,,,,,101.1,176.544012095463,,,,,,,,,,,,,,,98115,53033002400
20,53033002500,984334,0,Census Tract 25,Washington,King County,86042,10767,112386,35167,142778.0,49875.0,209167.0,146480.0,123036.0,48646.0,103750.0,71633.0,146250.0,42401.0,,,250001.0,,83889.0,36621.0,,,,,,,,,,,,,,,,,,,40700.0,86750.0,48953.0,6143.0,,,,,,,,,,,,,75530,18517,76818.0,107930.0,54757.0,79902.0,29773.0,112400.0,,,,,92875.0,30895.0,106125.0,82981.0,43182.0,36315.0,82050.0,156292.0,59816.0,44256.0,,,,,,,,,,,,,,,,,158864.0,134623.0,,,,,,,,,,,,,53.8,73.2192746353447,26.2,33.5134535666484,24.2,90.8529840807526,,,,,,,42.4,,51.5,37.0002768523922,,,,,,,,,,,,,,,,,,,,,324.5,271.972621835564,,,,,,,,,,,,,,,98115,53033002500
21,53033002600,1216627,28175,Census Tract 26,Washington,King County,76436,10559,75571,19546,138846.0,176295.0,84722.0,74295.0,111042.0,77107.0,106806.0,76569.0,31707.0,89694.0,,,111538.0,237222.0,53750.0,55359.0,36583.0,21176.0,,,,,,,,,,,,,,,,,51543.0,9448.0,95556.0,93187.0,,,,,,,,,,,,,78846,13556,111964.0,214058.0,75729.0,44185.0,128173.0,79123.0,,,66875.0,132478.0,,,109271.0,112375.0,83017.0,2697.0,85132.0,80354.0,73529.0,8699.0,,,,,,,,,,,,,,,61250.0,60182.0,41356.0,729.0,,,,,,,,,,,,,80.6,115.259559358894,89.4,94.149005067727,115.4,107.245809786018,,,210.9,728.395326413239,,,98.0,231.440059970029,154.5,159.152799096885,232.7,173.49490010174,,,,,,,,,,,,,,,,,118.8,114.710945015926,43.3,42.2132577640178,,,,,,,,,,,,,,,98115,53033002600
22,53033002700,1584847,0,Census Tract 27,Washington,King County,109917,26520,130625,14234,198145.0,69361.0,128713.0,38148.0,213317.0,77817.0,152632.0,88042.0,,,,,,,128750.0,116414.0,,,142708.0,,112775.0,,,,,,,,,,,,,,103654.0,194618.0,,,,,51181.0,506.0,,,,,,,,,92305,10739,123068.0,47281.0,109773.0,148844.0,,,,,94688.0,111313.0,,,,,73315.0,11529.0,,,176172.0,98246.0,,,,,,,,,,,,,,,68882.0,38881.0,60313.0,37842.0,,,,,,,,,,,,,62.1,9.83276232428705,85.3,112.843889378541,,,,,,,,,,,56.9,52.2605823763504,,,123.4,119.401172246945,,,,,,,,,,,,,,,66.5,130.288307162152,,,,,,,,,,,,,,,,,98103,53033002700
23,53033002800,988287,0,Census Tract 28,Washington,King County,96578,8497,116435,27650,139048.0,44210.0,,,128939.0,20735.0,125481.0,55049.0,,,,,,,,,152083.0,67581.0,77670.0,,16632.0,,,,,,,,,,,,,,104185.0,136565.0,,,,,125509.0,107825.0,,,,,,,,,85298,29371,102132.0,68438.0,93542.0,42092.0,,,250001.0,,,,,,,,95587.0,14802.0,121607.0,55225.0,66875.0,37230.0,,,,,,,,,,,,,,,,,50167.0,12297.0,,,,,,,,,,,,,73.5,43.3257348537347,,,,,199.2,,,,,,,,,,80.0,7.48700369201002,86.1,44.2457437288333,,,,,,,,,,,,,,,,,,,,,,,,,,,,,,,,,98103,53033002800
24,53033002900,986209,0,Census Tract 29,Washington,King County,97500,11551,101806,15345,148088.0,49557.0,55625.0,7393.0,122500.0,70124.0,95833.0,58339.0,,,,,,,63000.0,60899.0,106635.0,243850.0,,,,,,,,,,,,,,,,,148056.0,138039.0,35227.0,59128.0,,,75732.0,45060.0,,,,,,,,,83906,25114,163359.0,62703.0,99077.0,9780.0,,,,,81184.0,95025.0,,,,,80644.0,18350.0,,,111696.0,28241.0,,,,,,,,,,,,,,,64833.0,86015.0,62931.0,7966.0,,,,,,,,,,,,,110.3,20.7381138374791,178.1,29.4879463519904,,,,,,,,,,,128.0,127.11937314054,,,,,,,,,,,,,,,,,,,43.8,41.3321140453025,178.6,300.703175923611,,,,,,,,,,,,,,,98117,53033002900
25,53033003000,1493249,0,Census Tract 30,Washington,King County,99438,11806,106216,16350,156071.0,57342.0,133083.0,110818.0,131250.0,48190.0,97159.0,112487.0,,,,,,,98958.0,18967.0,75670.0,20046.0,200972.0,,164360.0,,,,,,,,,,,,,,86750.0,115901.0,,,,,54219.0,35714.0,,,,,,,,,94135,12663,181505.0,29452.0,93571.0,20524.0,,,,,,,,,33816.0,62542.0,81591.0,62198.0,41967.0,80817.0,95221.0,20253.0,,,,,,,,,,,,,,,51500.0,84244.0,58125.0,55432.0,,,,,,,,,,,,,116.3,46.7100643563935,70.3,60.5443292275141,,,,,,,,,,,82.5,60.8338410291936,55.5,105.786503866011,47.4,40.0377640214985,,,,,,,,,,,,,,,59.4,56.033205989101,,,,,,,,,,,,,,,,,98117,53033003000
26,53033003100,2236733,472744,Census Tract 31,Washington,King County,105122,17149,123056,29399,226750.0,85382.0,129659.0,30359.0,152569.0,50045.0,85167.0,8236.0,,,,,138406.0,77793.0,,,,,,,,,,,,,,,,,,,,,91667.0,41632.0,,,,,55893.0,12794.0,,,,,70813.0,24508.0,,,90875,21166,124632.0,58551.0,98056.0,33805.0,84118.0,26198.0,,,,,51974.0,75499.0,112130.0,86413.0,80902.0,24630.0,77868.0,46295.0,76667.0,340655.0,,,,,,,,,,,,,,,187083.0,16247.0,77917.0,27246.0,,,,,,,,,,,,,55.0,15.4406329561581,75.6,19.1365432494351,55.1,24.9382582021549,,,,,,,81.0,42.7147942910946,,,,,,,,,,,,,,,,,,,,,204.1,94.3699109112959,,,,,,,,,,,,,,,,,98117,53033003100
27,53033003400,787161,0,Census Tract 34,Washington,King County,110351,13055,126607,27813,179821.0,86601.0,85333.0,39407.0,130556.0,108402.0,156375.0,31598.0,,,,,,,,,120833.0,171861.0,250001.0,,,,,,,,,,,,,,,,240842.0,131984.0,105125.0,135993.0,,,,,,,,,,,,,97220,10844,96964.0,27039.0,105652.0,57373.0,138125.0,34552.0,,,,,,,101250.0,59428.0,47917.0,18924.0,,,81875.0,32877.0,,,,,,,,,,,,,,,133810.0,71542.0,63594.0,26721.0,,,,,,,,,,,,,53.9,30.0080118934823,123.8,35.373709521433,105.8,91.7448330056603,,,,,,,,,,,,,32.7,,,,,,,,,,,,,,,,55.6,42.5371344942268,60.5,82.2810893141386,,,,,,,,,,,,,,,98107,53033003400
28,53033003500,1284745,0,Census Tract 35,Washington,King County,89971,9659,97188,19517,125341.0,23295.0,127292.0,63323.0,174122.0,25071.0,105750.0,66518.0,97344.0,106710.0,,,,,54875.0,34223.0,92625.0,7842.0,87969.0,,16676.0,,,,,,,,,,,,,,50556.0,26231.0,,,,,,,,,55543.0,15913.0,,,,,79375,20907,136346.0,4214.0,126528.0,58061.0,109545.0,34816.0,,,,,,,,,68214.0,17875.0,64250.0,22990.0,110500.0,5413.0,,,,,,,,,,,,,48922.0,4271.0,38571.0,33846.0,43750.0,10312.0,,,,,,,,,,,,,108.8,20.49473753302,99.4,67.2723456720014,62.9,17.8255545006447,,,,,,,,,124.3,84.0905108356654,69.4,24.1157281490009,125.6,24.5941422260085,,,,,,,,,,,,,,,76.3,53.9907732307519,,,,,,,,,,,,,,,,,98103,53033003500
29,53033003800,624606,0,Census Tract 38,Washington,King County,118529,37782,147059,60980,106806.0,87333.0,78750.0,85052.0,188192.0,7437.0,175104.0,62448.0,110179.0,8937.0,,,250001.0,,88750.0,60197.0,153571.0,136879.0,145536.0,,158465.0,,,,,,,,,,,,,,64500.0,16943.0,42100.0,4670.0,,,,,,,,,,,,,105625,18466,110893.0,89525.0,49792.0,50998.0,135795.0,147263.0,,,175250.0,79391.0,,,,,51964.0,24348.0,,,70208.0,90022.0,,,,,,,,,,,,,,,40769.0,1268.0,44167.0,126626.0,,,,,,,,,,,,,103.8,119.303346459552,63.2,94.1116139633177,72.2,78.1994932913774,,,159.1,70.8919191198765,,,,,58.6,48.2682602113263,,,48.2,32.6658843892223,,,,,,,,,,,,,,,63.2,16.7195270395122,104.9,300.549134020603,,,,,,,,,,,,,,,98115,53033003800
30,53033003900,973808,0,Census Tract 39,Washington,King County,117837,24866,122054,45150,157273.0,42499.0,88875.0,175365.0,119271.0,59555.0,,,,,,,,,98906.0,164463.0,,,250001.0,,,,,,,,,,,,,,,,158056.0,97273.0,,,,,,,,,,,,,,,106042,32625,164188.0,39341.0,178000.0,194428.0,,,,,,,,,,,,,,,93900.0,25934.0,,,,,,,,,,,,,,,,,48571.0,46254.0,,,,,,,,,,,,,104.4,37.7035733357345,200.3,451.698948437271,,,,,,,,,,,,,,,37.6,,,,,,,,,,,,,,,,,,,,,,,,,,,,,,,,,,98115,53033003900
31,53033004000,2574586,3232248,Census Tract 40,Washington,King County,148209,41094,161146,61247,250001.0,,250001.0,,147969.0,36638.0,,,,,,,,,34659.0,49437.0,,,250001.0,,,,,,,,,,,,,,,,106838.0,120969.0,,,,,,,,,,,,,,,104625,45447,60197.0,6364.0,,,86750.0,149374.0,,,,,98438.0,23233.0,250001.0,,73542.0,50429.0,,,153654.0,160928.0,,,,,,,,,,,,,,,227750.0,364660.0,,,,,,,,,,,,,,,24.1,,,,58.6,99.9003481214918,,,,,,,,,212.2,335.817882557135,,,61.5,,,,,,,,,,,,,,,,213.2,241.331369948995,,,,,,,,,,,,,,,,,98115,53033004000
32,53033004301,979236,0,Census Tract 43.01,Washington,King County,104650,17314,151719,59375,159803.0,68496.0,232083.0,123285.0,250001.0,,150156.0,71743.0,,,,,,,103056.0,143450.0,,,250001.0,,,,,,,,,,,,,,,,97625.0,146903.0,,,,,,,,,,,,,,,93807,6923,113077.0,31821.0,85625.0,38877.0,94214.0,33183.0,,,99167.0,81302.0,89063.0,37978.0,,,113472.0,71599.0,,,68304.0,12380.0,,,,,,,,,,,,,,,,,44167.0,32899.0,,,,,,,,,,,,,70.8,36.2823711986301,36.9,25.7819853739459,37.7,,,,,,,,,,110.1,168.276612063862,,,27.3,,,,,,,,,,,,,,,,,,,,,,,,,,,,,,,,,,98105,53033004301
33,53033004302,331137,0,Census Tract 43.02,Washington,King County,40243,7940,47995,4900,,,,,90000.0,46647.0,79625.0,59761.0,,,,,,,19545.0,55432.0,,,,,,,,,,,,,,,,,,,,,,,,,39107.0,15488.0,,,,,,,,,34091,17643,44500.0,55317.0,,,,,,,,,,,,,20887.0,9281.0,,,58646.0,24317.0,,,,,,,,,22375.0,35530.0,,,,,21574.0,1203.0,40900.0,33274.0,,,,,,,,,,,,,,,,,,,,,,,,,,,106.9,306.782851373728,,,,,,,,,,,,,,,,,,,,,,,,,,,,,,,,,,,,,98105,53033004302
34,53033004500,670997,0,Census Tract 45,Washington,King County,77260,23145,95596,38674,160694.0,79270.0,,,193427.0,10374.0,79722.0,120653.0,,,,,159531.0,82121.0,48750.0,22771.0,120125.0,29187.0,66406.0,,20535.0,,,,,,,,,,,,,,75556.0,74749.0,,,,,,,,,,,,,,,58906,17539,114250.0,63725.0,91389.0,24005.0,133889.0,51720.0,,,66250.0,28162.0,,,,,38906.0,96207.0,73750.0,240160.0,83906.0,66219.0,,,,,,,,,,,,,,,32778.0,50588.0,,,,,,,,,,,,,,,71.1,18.507643736476,,,69.2,26.4797989179961,,,,,,,,,79.8,193.794949848756,61.4,199.367792461952,126.4,91.7446761009236,,,,,,,,,,,,,,,43.4,51.389070436038,,,,,,,,,,,,,,,,,98105,53033004500
35,53033004600,1552358,1033232,Census Tract 46,Washington,King County,90313,28385,131771,31844,168906.0,63652.0,113875.0,65650.0,190292.0,84296.0,79432.0,49752.0,,,,,177656.0,35183.0,68459.0,12096.0,63958.0,311286.0,,,,,,,,,,,,,,,,,131607.0,204660.0,,,,,,,77841.0,92220.0,,,,,,,67366,12378,91667.0,63120.0,84297.0,22664.0,124444.0,29793.0,,,,,,,,,66518.0,19698.0,188750.0,166521.0,79545.0,56127.0,,,,,,,,,,,,,,,61136.0,86994.0,35000.0,17984.0,,,,,,,,,,,,,54.3,31.2766149741461,74.0,47.0893282360607,65.4,32.9295072364319,,,,,,,,,97.2,23.0904663235189,295.1,1459.74503241137,,,,,,,,,,,,,,,,,46.5,97.9176597494559,,,,,,,,,,,,,,,,,98103,53033004600
36,53033004800,1278329,26886,Census Tract 48,Washington,King County,98462,35948,119297,41861,168504.0,15756.0,84286.0,221544.0,135132.0,36094.0,168618.0,60483.0,,,,,,,61094.0,18571.0,62286.0,82389.0,115956.0,,123624.0,,,,,,,,44063.0,18712.0,,,,,,,,,,,,,,,,,,,,,78006,36883,69750.0,64070.0,151250.0,150083.0,29335.0,104372.0,,,99615.0,46676.0,,,,,42743.0,9530.0,250001.0,,101563.0,32397.0,,,,,,,,,,,,,,,250001.0,,,,,,,,,,,,,,,,41.4,37.8253238108923,179.4,504.168378888801,21.7,77.0191169193939,,,,,,,,,70.0,26.3743247081908,401.4,,87.6,97.4696569754901,,,,,,,,,,,,,,,,,,,,,,,,,,,,,,,,,98107,53033004800
37,53033005000,757380,0,Census Tract 50,Washington,King County,83311,11212,130437,19035,193822.0,39145.0,,,160473.0,14835.0,110972.0,21074.0,176333.0,86856.0,,,,,,,43828.0,83434.0,,,,,,,,,,,,,,,,,130959.0,6859.0,,,,,,,,,,,,,,,68400,10997,82938.0,4902.0,83750.0,13872.0,64612.0,87455.0,,,,,,,,,56333.0,34371.0,47438.0,247966.0,77353.0,11616.0,,,,,,,,,,,,,,,53806.0,17974.0,41974.0,22404.0,,,,,,,,,,,,,42.8,9.00465916470419,,,40.3,54.3710055741652,,,,,,,,,,,108.2,526.916688514866,,,,,,,,,,,,,,,,,41.1,13.555161587754,,,,,,,,,,,,,,,,,98103,53033005000
38,53033005100,881731,0,Census Tract 51,Washington,King County,104632,17446,108828,6086,109524.0,28261.0,132188.0,97998.0,185278.0,85648.0,100682.0,38774.0,117639.0,40798.0,,,,,129167.0,159151.0,,,109167.0,73864.0,115612.0,121896.0,,,,,,,,,,,,,202841.0,270591.0,33500.0,42564.0,,,,,,,,,,,,,90417,20865,111111.0,74514.0,131406.0,64990.0,136458.0,1740.0,128393.0,31607.0,57841.0,27876.0,69297.0,61548.0,,,103906.0,49177.0,81111.0,73552.0,78478.0,160882.0,,,,,,,,,,,,,,,116250.0,77570.0,57083.0,108210.0,,,,,,,,,,,,,101.4,62.7966991333658,99.4,88.5911466932131,73.7,34.0591400942709,127.5,58.2872116680616,49.2,16.4543221095739,,,,,80.4,106.17735185851,,,71.9,126.184438905086,,,,,,,,,,,,,,,57.3,85.4839309916915,170.4,239.72071892203,,,,,,,,,,,,,,,98103,53033005100
39,53033005600,3022785,1546484,Census Tract 56,Washington,King County,129583,38597,140742,26122,250001.0,,111579.0,104300.0,250001.0,,152188.0,20659.0,,,,,227788.0,72444.0,64167.0,31064.0,140352.0,20710.0,84615.0,,300704.0,,,,,,,,,,,,,,137372.0,131374.0,,,,,,,,,,,,,,,94400,35819,188403.0,95433.0,77467.0,102096.0,,,,,147237.0,6468.0,,,72448.0,201263.0,,,84449.0,44161.0,105313.0,69905.0,,,,,,,,,,,,,,,221250.0,181558.0,78042.0,15332.0,,,,,,,,,,,,,75.4,,69.4,64.5027573182151,,,,,,,,,31.8,87.7745008886855,,,60.2,30.1858464996565,124.5,449.959085417691,,,,,,,,,,,,,,,161.1,202.957867016343,,,,,,,,,,,,,,,,,98199,53033005600
40,53033005700,5085640,2365806,Census Tract 57,Washington,King County,117426,40322,162571,51672,150662.0,65401.0,102589.0,73507.0,188750.0,66418.0,134265.0,64430.0,188720.0,433.0,,,,,,,69167.0,74412.0,,,,,44826.0,,40939.0,,,,,,,,,,66324.0,195449.0,,,,,53875.0,15792.0,,,52625.0,50753.0,,,,,81792,15001,102740.0,8000.0,90658.0,37106.0,74875.0,193977.0,,,141544.0,238883.0,,,,,63365.0,55151.0,,,145430.0,70182.0,,,,,,,,,,,,,,,131563.0,193191.0,39464.0,18726.0,,,,,,,,,,,,,68.2,30.0741587984433,88.4,72.9213180381634,39.7,101.81686752286,,,75.0,126.580531605757,,,,,,,,,,,,,,,,,,,,,,,,,198.4,653.109027376639,,,,,,,,,,,,,,,,,98199,53033005700
41,53033005801,1822365,260223,Census Tract 58.01,Washington,King County,96044,9222,93840,11810,77083.0,34735.0,100964.0,29572.0,141748.0,32896.0,77708.0,36704.0,,,84167.0,20639.0,,,,,95605.0,94520.0,73274.0,,39490.0,,,,,,,,,,,,,,57131.0,45959.0,75918.0,4106.0,,,,,,,,,,,,,100080,12747,101259.0,972.0,79311.0,14142.0,130160.0,31243.0,,,96779.0,752.0,,,,,72762.0,63096.0,70208.0,44488.0,110744.0,2810.0,,,,,,,,,,,,,,,,,61250.0,40030.0,,,,,,,,,,,,,131.4,59.2082514116011,78.6,26.9363808266569,91.8,5.62962943666879,,,,,,,,,,,73.4,86.2345364466947,151.1,81.5433119577633,,,,,,,,,,,,,,,,,80.7,52.5470819906598,,,,,,,,,,,,,,,98199,53033005801
42,53033006000,1340653,160754,Census Tract 60,Washington,King County,85492,16808,87132,17588,205208.0,74368.0,59750.0,95177.0,170050.0,27862.0,74556.0,123717.0,64844.0,111292.0,,,,,36653.0,33801.0,,,,,,,,,,,,,,,,,,,86434.0,16730.0,61815.0,77255.0,,,,,,,,,,,,,67045,39286,142000.0,55556.0,96641.0,19971.0,111343.0,112650.0,130729.0,132361.0,54167.0,151142.0,,,143750.0,1054.0,,,70139.0,99846.0,62372.0,90038.0,,,,,,,,,,,,,38156.0,11611.0,,,51818.0,4100.0,,,,,,,,,,,,,69.2,10.2011079386138,161.7,259.801599214461,65.5,65.3707715517716,175.3,340.846816065299,83.5,183.776604789581,,,,,,,,,,,,,,,,,,,,,,,,,,,83.8,104.975538101514,,,,,,,,,,,,,,,98109,53033006000
43,53033006100,1227451,652743,Census Tract 61,Washington,King County,102275,23643,115266,25767,142165.0,40033.0,163203.0,132896.0,141198.0,21201.0,,,74135.0,312104.0,,,111402.0,26072.0,,,223191.0,198268.0,39375.0,,58500.0,,,,,,,,,,,,,,73984.0,85500.0,,,,,,,,,73650.0,33789.0,,,,,84722,33214,141875.0,43998.0,121270.0,56289.0,116184.0,32800.0,,,,,,,114241.0,23767.0,56708.0,9913.0,56711.0,327001.0,68648.0,5570.0,,,,,,,,,,,,,,,49766.0,136877.0,43929.0,5575.0,,,,,,,,,,,,,99.8,12.9647589679121,74.3,69.6471562857939,82.3,19.6716843605253,,,,,,,102.5,32.1116222902057,,,25.4,144.762566272004,174.3,259.41154753492,,,,,,,,,,,,,,,67.3,167.88503817079,,,,,,,,,,,,,,,,,98102,53033006100
44,53033006200,2437426,239356,Census Tract 62,Washington,King County,112161,28652,138580,83195,199531.0,93056.0,74570.0,22133.0,238207.0,83068.0,107222.0,162192.0,99531.0,155364.0,,,246250.0,54758.0,,,,,250001.0,,,,,,,,,,,,,,,,233750.0,193646.0,54861.0,327937.0,,,,,,,,,,,,,99100,29288,113750.0,46802.0,101071.0,158749.0,,,130278.0,138727.0,,,76250.0,26030.0,161136.0,43370.0,80000.0,30709.0,42500.0,59988.0,182656.0,125172.0,,,,,,,,,,,,,,,51344.0,897.0,52656.0,6981.0,,,,,,,,,,,,,57.0,35.455200426145,135.5,209.050305181888,,,121.5,224.767433704613,,,,,65.4,9.92282288871917,,,,,73.1,,,,,,,,,,,,,,,,22.0,18.2008445540444,96.0,573.875436185191,,,,,,,,,,,,,,,98112,53033006200
45,53033006300,2610569,3533560,Census Tract 63,Washington,King County,106276,29502,136719,81237,200917.0,63407.0,72400.0,57371.0,245927.0,72495.0,,,,,,,250001.0,,,,,,,,,,,,,,,,,,,,,,197212.0,193203.0,,,,,,,,,,,,,,,97500,21243,122614.0,128693.0,130804.0,157793.0,,,,,97188.0,65119.0,,,135714.0,35818.0,,,,,107237.0,159240.0,,,,,,,,,,,,,,,73553.0,98693.0,,,,,,,,,,,,,,,61.0,61.0887635373025,180.7,164.330006223345,,,,,,,,,54.3,,,,,,,,,,,,,,,,,,,,,,37.3,34.1960629372362,,,,,,,,,,,,,,,,,98112,53033006300
46,53033006400,903649,0,Census Tract 64,Washington,King County,123472,32573,150341,44704,250001.0,,127750.0,49492.0,195865.0,34452.0,,,,,,,250001.0,,126094.0,165258.0,,,250001.0,,,,,,,,,,,,,,,,109792.0,88276.0,,,,,,,,,,,,,,,105269,27152,106029.0,12957.0,74038.0,6494.0,183565.0,90150.0,,,117500.0,73055.0,,,,,109375.0,223860.0,,,91597.0,225757.0,,,,,,,,,,,,,,,250001.0,,54091.0,13648.0,,,,,,,,,,,,,42.4,,58.0,23.0209187931815,93.7,42.9731376667046,,,,,,,,,86.7,136.362757978381,,,36.6,,,,,,,,,,,,,,,,227.7,,,,,,,,,,,,,,,,,,98112,53033006400
47,53033006500,1147619,0,Census Tract 65,Washington,King County,105183,24034,148796,18794,167719.0,34503.0,64364.0,4796.0,160213.0,6182.0,105833.0,48960.0,,,,,,,61607.0,98800.0,,,218750.0,,242012.0,,,,,,,,,,,,,,109167.0,70962.0,93750.0,144421.0,,,,,,,,,,,,,91607,12451,168750.0,52473.0,90458.0,31815.0,113068.0,37026.0,110804.0,69544.0,73167.0,42733.0,,,91250.0,61911.0,66833.0,23092.0,82031.0,9444.0,101122.0,15860.0,,,,,,,,,,,,,,,46200.0,116631.0,,,,,,,,,,,,,,,100.6,23.460765616722,140.5,48.3077384929891,70.6,22.9494853211809,104.7,44.4077286073986,,,,,,,108.5,177.967377824647,,,46.2,51.654388387666,,,,,,,,,,,,,,,42.3,103.234747392015,,,,,,,,,,,,,,,,,98102,53033006500
48,53033006600,1117109,831139,Census Tract 66,Washington,King County,88026,16108,120326,33412,89944.0,227514.0,104706.0,70299.0,144706.0,44155.0,100441.0,68431.0,66283.0,14636.0,,,,,,,,,,,,,,,,,,,,,,,,,165495.0,36320.0,,,,,,,,,,,,,41319.0,22312.0,71891,10670,115625.0,105024.0,71250.0,19906.0,,,,,,,,,,,71094.0,27981.0,65938.0,16154.0,65500.0,8054.0,,,,,,,,,,,,,,,82132.0,120952.0,105833.0,63957.0,,,,,,,,,,,,,128.6,345.502911860202,68.0,49.4844983035407,,,,,,,,,,,,,,,,,,,,,,,,,,,,,,,49.6,72.2688742789622,,,,,,,,,,,,,,,,,98102,53033006600
49,53033006800,718106,0,Census Tract 68,Washington,King County,93397,7012,101806,25588,201477.0,87049.0,151500.0,45925.0,141944.0,108832.0,64560.0,34314.0,,,,,,,,,,,,,,,,,,,,,,,,,,,102969.0,176260.0,,,,,,,,,,,,,,,92556,8466,86875.0,13883.0,99688.0,109639.0,115139.0,64906.0,110507.0,14381.0,,,,,95375.0,26754.0,,,73229.0,8006.0,137500.0,164204.0,,,,,,,,,,,,,,,93594.0,265675.0,85455.0,53173.0,,,,,,,,,,,,,43.1,19.8632608229038,65.8,69.5658379276725,81.1,77.1941870395548,171.2,93.6648421503046,,,,,,,,,,,,,,,,,,,,,,,,,,,90.9,205.821444454326,,,,,,,,,,,,,,,,,98109,53033006800
50,53033006900,905121,0,Census Tract 69,Washington,King County,101174,17389,117481,16958,157599.0,36210.0,116101.0,11884.0,135769.0,61190.0,,,56471.0,779.0,,,80694.0,77768.0,,,,,,,,,,,,,,,,,,,,,151932.0,134257.0,,,,,,,,,,,,,,,83676,28308,163371.0,96168.0,69821.0,77851.0,,,,,,,21875.0,43191.0,,,84632.0,383606.0,97966.0,13097.0,,,,,,,,,,,,,,,52813.0,6331.0,126932.0,72589.0,61797.0,20224.0,,,,,,,,,,,,,103.7,56.1805167501199,60.1,66.7713994962745,,,,,,,,,,,,,,,,,,,,,,,,,,,,,,,83.5,87.9372137636268,,,,,,,,,,,,,,,,,98119,53033006900
51,53033007600,571882,0,Census Tract 76,Washington,King County,79013,14997,102750,28448,88365.0,165266.0,250001.0,,140061.0,39585.0,110875.0,34489.0,,,,,,,60909.0,14927.0,116354.0,29985.0,61000.0,,35366.0,,,,,,,,42143.0,4284.0,,,,,134342.0,59716.0,,,,,,,,,,,,,,,67380,8705,120132.0,81053.0,115938.0,14192.0,21890.0,38294.0,,,,,65489.0,12093.0,,,,,70610.0,9157.0,66899.0,39545.0,,,,,,,,,,,,,,,48639.0,20268.0,61656.0,8839.0,,,,,,,,,,,,,135.9,270.301206750904,46.4,,15.6,26.9817723217345,,,,,,,,,,,60.7,17.507509544121,109.7,12.6397694077304,,,,,,,,,,,,,,,36.2,22.0593695020776,,,,,,,,,,,,,,,,,98112,53033007600
52,53033007700,1058322,0,Census Tract 77,Washington,King County,96641,19473,121400,26905,168640.0,40045.0,84943.0,30849.0,167713.0,7094.0,,,140893.0,72793.0,,,,,,,,,79321.0,,113958.0,,,,,,,,,,,,,,134803.0,48222.0,,,,,83965.0,13325.0,,,,,,,,,69315,19024,145921.0,58082.0,112578.0,54782.0,125208.0,20873.0,,,94100.0,54171.0,,,,,54979.0,17043.0,,,69455.0,144351.0,,,,,,,,,,,,,,,32432.0,39310.0,52313.0,27409.0,,,,,,,,,,,,,86.5,27.6412480823852,132.5,42.9249908522401,74.7,12.038383024103,,,66.8,16.9581245299744,,,,,,,,,87.6,131.502568099251,,,,,,,,,,,,,,,24.1,27.8621352574706,,,,,,,,,,,,,,,,,98112,53033007700
53,53033007800,2097740,3632914,Census Tract 78,Washington,King County,125112,46330,127356,61690,195486.0,98321.0,77296.0,64208.0,186765.0,62146.0,,,96125.0,83844.0,,,215938.0,224750.0,,,,,83162.0,,99815.0,,,,,,,,,,,,,,250001.0,,,,,,,,,,,,,,,,98409,49866,159583.0,111695.0,71563.0,41566.0,,,,,,,,,186250.0,106004.0,147578.0,168759.0,,,186667.0,212347.0,,,,,,,,,,,,,,,123398.0,47110.0,,,,,,,,,,,,,,,81.6,39.7348397783995,92.6,93.8423523959961,,,,,,,,,86.3,102.316801353478,,,,,224.5,371.188498390591,,,,,,,,,,,,,,,49.4,,,,,,,,,,,,,,,,,,98122,53033007800
54,53033008002,234314,0,Census Tract 80.02,Washington,King County,87825,27437,90714,51371,111985.0,117632.0,126648.0,4177.0,139559.0,21945.0,74305.0,40926.0,,,,,,,,,65461.0,2825.0,,,,,,,,,,,,,,,,,117930.0,56421.0,,,,,,,,,,,,,,,81528,20271,88507.0,27115.0,97386.0,56077.0,157778.0,46058.0,,,,,,,,,,,,,,,,,,,,,,,,,,,,,,,31989.0,25277.0,,,,,,,,,,,,,79.0,86.4789797835663,76.9,44.2051519173338,113.1,27.8052832398169,,,,,,,,,,,,,,,,,,,,,,,,,,,,,,,,,,,,,,,,,,,,,,,98121,53033008002
55,53033008200,375785,0,Census Tract 82,Washington,King County,95867,25546,97092,30799,228240.0,113828.0,95995.0,2428.0,131111.0,33549.0,,,,,,,,,,,,,,,,,,,,,,,,,,,,,,,,,,,,,,,,,,,,,78910,63784,126646.0,31597.0,,,140508.0,136203.0,,,,,,,,,41848.0,40687.0,,,239922.0,108807.0,,,,,,,,,,,,,,,39767.0,202887.0,45556.0,15134.0,,,,,,,,,,,,,55.5,30.942649312631,,,107.2,100.199064231795,,,,,,,,,,,,,,,,,,,,,,,,,,,,,,,,,,,,,,,,,,,,,,,98101,53033008200
56,53033008300,237955,0,Census Tract 83,Washington,King County,103835,19730,109477,18925,131094.0,47645.0,72539.0,27584.0,151747.0,14140.0,,,,,,,,,,,116450.0,46785.0,,,,,,,,,,,,,,,,,69712.0,31315.0,,,,,,,,,,,,,,,85549,29272,123011.0,45880.0,57303.0,95219.0,107417.0,87301.0,,,,,,,,,,,,,,,,,,,,,,,,,,,,,,,,,,,,,,,,,,,,,93.8,7.86219615210088,79.0,127.782551448717,70.8,57.1512508502741,,,,,,,,,,,,,,,,,,,,,,,,,,,,,,,,,,,,,,,,,,,,,,,98101,53033008300
57,53033008500,450978,0,Census Tract 85,Washington,King County,62394,12462,62074,10042,78011.0,114268.0,54659.0,69577.0,105938.0,45285.0,73000.0,48204.0,,,,,,,58409.0,36305.0,,,,,,,,,,,,,34973.0,13341.0,,,,,42292.0,25711.0,,,,,,,,,,,,,,,71667,25245,,,71181.0,25135.0,,,,,,,,,,,,,,,86053.0,63921.0,,,,,,,,,,,,,,,,,48073.0,22864.0,,,,,,,,,,,,,,,130.2,172.030183738332,,,,,,,,,,,,,,,,,,,,,,,,,,,,,,,,,,,,,,,,,,,,,,,,,98104,53033008500
58,53033008600,711350,0,Census Tract 86,Washington,King County,61394,7546,82935,41328,175764.0,133694.0,128942.0,34261.0,125667.0,31319.0,91765.0,104222.0,,,,,,,103173.0,28381.0,130313.0,92599.0,48040.0,,114479.0,,,,,,,,57917.0,44353.0,,,,,42111.0,25262.0,44054.0,37884.0,,,,,,,,,,,,,56410,6740,68393.0,46241.0,90398.0,78754.0,208056.0,133246.0,,,,,,,,,51821.0,11949.0,250001.0,,56369.0,18185.0,,,,,,,,,,,,,50893.0,14967.0,29238.0,37295.0,57941.0,33304.0,,,,,,,,,,,,,38.9,39.6003542546317,70.1,58.1670044182146,165.6,97.6732338079825,,,,,,,,,50.2,18.0285929383756,191.8,,117.3,282.165472461336,,,,,,,,,,,,,,,69.4,78.1582191875207,131.5,136.041128970512,,,,,,,,,,,,,,,98122,53033008600
59,53033008700,732385,0,Census Tract 87,Washington,King County,77883,4919,87292,17734,110375.0,52249.0,94615.0,36730.0,172143.0,52971.0,103750.0,134679.0,,,,,250001.0,,,,78571.0,32438.0,74595.0,,141947.0,,,,,,,,46110.0,401.0,,,,,102813.0,89296.0,,,,,,,,,,,,,,,72616,13882,102569.0,35444.0,74360.0,13847.0,,,,,126250.0,55336.0,62557.0,5748.0,,,78271.0,7547.0,62500.0,45940.0,122083.0,27052.0,,,,,,,,,27976.0,19461.0,,,,,40938.0,56413.0,33088.0,15541.0,,,,,,,,,,,,,92.9,54.4638527008973,78.6,33.8384126853617,,,,,,,,,,,,,79.5,48.3753513001717,163.7,313.535468415451,,,,,,,,,60.7,42.2022969678219,,,,,39.8,42.59907201472,,,,,,,,,,,,,,,,,98122,53033008700
60,53033008800,948581,0,Census Tract 88,Washington,King County,85497,8204,93173,22040,119274.0,79267.0,106250.0,38538.0,172679.0,26739.0,94038.0,57005.0,,,,,157125.0,273082.0,,,61731.0,7637.0,250001.0,,,,,,,,,,40333.0,17818.0,,,,,80536.0,36143.0,81250.0,79628.0,,,,,,,,,,,,,75865,18648,155125.0,82904.0,93750.0,29357.0,97857.0,102299.0,,,49028.0,37560.0,44954.0,46728.0,164091.0,154006.0,100781.0,75478.0,,,63523.0,60536.0,,,,,,,,,,,,,,,60563.0,20172.0,45278.0,23148.0,,,,,,,,,,,,,130.1,110.91446066697,88.2,42.2808638025638,56.7,58.5887775531476,,,,,,,104.4,206.278437244754,,,,,25.4,,,,,,,,,,,,,,,,75.2,42.02745403881,55.7,61.5986376833847,,,,,,,,,,,,,,,98122,53033008800
61,53033008900,1270033,1798066,Census Tract 89,Washington,King County,82596,24242,102647,24645,121638.0,69126.0,78170.0,15650.0,167177.0,25884.0,86992.0,21746.0,,,,,157813.0,128506.0,,,99792.0,422140.0,146136.0,,52231.0,,,,,,,,44357.0,23718.0,,,,,70851.0,20356.0,29342.0,16923.0,,,,,,,,,,,,,63576,11999,140991.0,42589.0,100750.0,37089.0,,,,,,,,,,,,,106667.0,107563.0,98346.0,41192.0,,,,,,,,,16833.0,68376.0,,,,,36250.0,6707.0,29612.0,15242.0,,,,,,,,,,,,,115.9,74.5982084402316,128.9,39.8165375367608,,,,,,,,,,,,,106.9,464.832833931164,67.3,14.6963073017471,,,,,,,,,37.9,152.807906041174,,,,,51.2,17.4840749854352,100.9,78.0147067792107,,,,,,,,,,,,,,,98144,53033008900
62,53033009000,855872,0,Census Tract 90,Washington,King County,83092,23289,73947,33778,74250.0,208658.0,66250.0,71035.0,146250.0,74341.0,,,,,92974.0,3000.0,,,,,,,,,,,,,,,,,,,,,,,57969.0,20154.0,63696.0,19822.0,,,,,,,,,,,,,84211,20497,125926.0,49233.0,95721.0,26117.0,,,,,,,51250.0,48223.0,113036.0,109177.0,108182.0,29021.0,,,73854.0,28961.0,,,,,,,,,,,,,,,51500.0,92217.0,47639.0,14210.0,,,,,,,,,,,,,169.6,481.194184591219,144.5,159.857221173578,,,,,,,55.1,51.8366823988605,,,,,,,,,,,,,,,,,,,,,,,88.8,156.052516384146,74.8,32.239905865553,,,,,,,,,,,,,,,98144,53033009000
63,53033009100,410621,0,Census Tract 91,Washington,King County,58938,12418,58208,6151,58448.0,22190.0,75641.0,13601.0,112466.0,33193.0,71364.0,45398.0,,,,,,,,,59758.0,87662.0,,,,,,,,,,,31375.0,12687.0,,,,,,,83088.0,45073.0,,,,,,,33654.0,18562.0,,,,,66509,23015,,,65517.0,32363.0,250001.0,,,,,,,,,,,,,,,,,,,,,,,,,,,,,,,,72250.0,35090.0,,,,,,,24155.0,6692.0,,,,,,,86.6,39.8496574929339,222.3,,,,,,,,,,,,,,,,,,,,,,,,,,,,,,,,87.0,63.3142952473428,,,,,,,71.8,44.300952131497,,,,,,,98104,53033009100
64,53033009200,338451,154864,Census Tract 92,Washington,King County,54698,22481,65144,23379,150393.0,77039.0,,,44439.0,169505.0,,,,,,,,,,,,,,,,,,,,,,,32277.0,17442.0,,,,,,,,,,,,,,,,,67864.0,32360.0,,,43125,14790,87375.0,40174.0,54483.0,55347.0,,,,,,,,,,,41213.0,5783.0,,,,,,,,,,,,,,,,,,,,,,,,,,,,,,,,,,,58.1,39.990801652384,,,,,,,,,,,,,,,,,,,,,,,,,,,,,,,,,,,,,,,,,,,,,,,,,,,98104,53033009200
65,53033009300,9444110,639051,Census Tract 93,Washington,King County,83879,11340,81212,10135,76197.0,9042.0,,,137031.0,50469.0,141071.0,104332.0,,,,,118409.0,192230.0,,,53854.0,163312.0,82639.0,,22364.0,,,,,,,,,,,,,,39853.0,12729.0,93750.0,79465.0,,,,,,,,,,,,,93333,21934,112039.0,79358.0,104375.0,28854.0,,,,,,,,,,,,,96786.0,57917.0,120991.0,41401.0,,,,,,,,,,,,,,,34167.0,84990.0,58839.0,7840.0,,,,,,,,,,,,,147.0,102.676439201191,,,,,,,,,,,,,,,179.7,555.507297707853,146.4,30.6593798504941,,,,,,,,,,,,,,,85.7,211.493409152408,62.8,53.85169053728,,,,,,,,,,,,,,,98134,53033009300
66,53033009400,1686311,0,Census Tract 94,Washington,King County,73889,16007,75094,23481,150156.0,92381.0,49755.0,107481.0,113843.0,14302.0,146964.0,26859.0,,,,,,,82609.0,26446.0,58015.0,58404.0,,,,,,,,,,,27188.0,24134.0,,,,,175515.0,259385.0,37269.0,5029.0,,,127949.0,63717.0,,,,,46310.0,932.0,,,72869,23328,96296.0,9693.0,95699.0,4428.0,166287.0,84662.0,,,,,,,,,,,,,72100.0,42538.0,,,,,,,,,31538.0,2002.0,,,,,27972.0,9195.0,43125.0,10188.0,,,,,,,,,,,,,64.1,39.9799034475654,192.3,415.59014293412,146.1,72.0677979871277,,,,,,,,,,,,,,,,,,,,,,,116.0,103.232532884866,,,,,15.9,24.1282692414312,115.7,22.4383626580121,,,,,,,,,,,,,,,98144,53033009400
67,53033009500,2597717,2916270,Census Tract 95,Washington,King County,91397,24684,114554,25176,131406.0,28076.0,112500.0,42382.0,140223.0,28069.0,105104.0,111091.0,,,,,,,34531.0,11396.0,196207.0,20228.0,,,,,,,,,,,,,,,,,67411.0,178299.0,,,,,,,,,49135.0,62343.0,130491.0,125059.0,,,65893,25287,141103.0,38906.0,119375.0,87740.0,132857.0,101065.0,,,,,71382.0,43633.0,,,51700.0,14696.0,,,,,,,,,,,,,33125.0,12933.0,,,,,,,44926.0,19658.0,,,,,,,,,,,,,107.4,18.7147932198444,106.1,66.9671793819038,94.7,69.5343545781166,,,,,,,,,149.7,65.2128443744719,,,,,,,,,,,,,,,,,,,,,,,,,,,,,,,,,,,,,98144,53033009500
68,53033009600,1906922,1385222,Census Tract 96,Washington,King County,113234,9315,117841,28352,155833.0,49991.0,113918.0,10003.0,207667.0,140732.0,110568.0,45184.0,,,,,,,,,98833.0,132959.0,250001.0,,,,,,,,,,,,,,,,56691.0,160190.0,206150.0,87217.0,,,83264.0,31316.0,,,,,,,,,79321,37291,116806.0,42533.0,74375.0,26855.0,,,,,131184.0,87326.0,,,,,73744.0,411.0,,,143257.0,91918.0,,,,,,,,,,,,,,,250001.0,,46941.0,20288.0,,,,,,,,,,,,,75.0,12.9136689725683,65.3,22.8662720157061,,,,,,,,,,,,,,,57.3,,,,,,,,,,,,,,,,441.0,,22.8,2.0117745883517,,,,,,,,,,,,,,,98116,53033009600
69,53033009701,1861358,1607123,Census Tract 97.01,Washington,King County,92500,11316,94886,23231,110647.0,29459.0,85577.0,32383.0,135945.0,110903.0,,,,,,,,,76888.0,25673.0,91766.0,2637.0,,,,,,,,,,,,,,,,,213368.0,34828.0,,,,,64342.0,56709.0,,,,,74286.0,43896.0,,,81900,20402,113750.0,48748.0,147850.0,66724.0,54118.0,31321.0,,,,,,,,,,,,,124688.0,38466.0,,,45333.0,20918.0,,,,,,,,,,,,,44328.0,5837.0,,,,,,,,,,,,,102.8,34.5234629659692,172.8,42.4866089825903,39.8,39.8181890300485,,,,,,,,,,,,,,,,,,,,,,,,,,,,,,,,,,,,,,,,,,,,,,,98116,53033009701
70,53033009702,2220441,0,Census Tract 97.02,Washington,King County,111087,7172,110202,9815,183125.0,46345.0,89750.0,14544.0,136912.0,33030.0,113750.0,36864.0,,,,,,,,,62891.0,88045.0,,,,,,,,,,,,,,,,,108018.0,35644.0,,,,,129231.0,104487.0,,,26328.0,24306.0,,,,,112772,9050,128221.0,10304.0,119821.0,33558.0,138583.0,99005.0,,,,,,,117167.0,298287.0,,,108583.0,210101.0,,,,,,,,,,,,,,,,,,,,,,,,,,,,,39609.0,14148.0,,,70.0,18.5920202497498,133.5,30.4958664423571,101.2,68.0649911579092,,,,,,,,,,,172.7,230.611165766722,,,,,,,,,,,,,,,,,,,,,,,,,,,,,,,,,,,98116,53033009702
71,53033009900,6565170,2370735,Census Tract 99,Washington,King County,74512,6653,83953,29928,52824.0,63257.0,79550.0,75817.0,127545.0,30804.0,108750.0,97098.0,,,,,132891.0,95480.0,,,74176.0,65751.0,,,,,,,,,,,,,,,,,74423.0,55015.0,68929.0,46255.0,,,60481.0,10877.0,,,69813.0,129536.0,,,,,69970,9874,72083.0,10781.0,88750.0,20032.0,82457.0,82116.0,,,,,,,66458.0,11688.0,43500.0,13238.0,,,86210.0,2092.0,,,,,,,,,,,,,,,83125.0,39395.0,22308.0,19317.0,,,,,,,,,,,,,136.5,164.679680620658,111.6,109.270858378426,64.6,62.4599864697831,,,,,,,50.0,36.9917202329151,,,,,,,,,,,,,,,,,,,,,111.7,98.0767774526953,32.4,17.7118647564745,,,,,,,,,,,,,,,98126,53033009900
72,53033010001,2327512,0,Census Tract 100.01,Washington,King County,63681,18042,73929,7258,111429.0,101246.0,,,75714.0,54291.0,117222.0,116085.0,,,,,,,,,64659.0,98235.0,,,,,,,,,,,38958.0,3349.0,,,,,69375.0,47513.0,67195.0,11399.0,,,,,,,,,,,,,41125,8542,74875.0,54344.0,103875.0,52075.0,,,,,,,,,,,64107.0,47008.0,,,85341.0,35186.0,,,34438.0,11810.0,,,,,,,,,,,,,22375.0,34969.0,,,,,,,,,,,,,67.2,78.1420583046819,,,,,,,,,,,,,,,,,,,,,,,,,,,,,,,,,,,33.3,51.7335919758332,,,,,,,,,,,,,,,98108,53033010001
73,53033010002,948077,0,Census Tract 100.02,Washington,King County,66277,12658,64958,15885,148409.0,166018.0,126250.0,41382.0,152273.0,71515.0,63750.0,25883.0,55125.0,71274.0,,,,,100000.0,69063.0,46648.0,12530.0,198295.0,,90304.0,,,,,,,,30865.0,14064.0,42396.0,30079.0,,,66146.0,37688.0,66023.0,39587.0,,,,,,,,,,,,,68250,16666,85833.0,4627.0,,,102813.0,29729.0,,,81932.0,18796.0,68750.0,23895.0,88989.0,643.0,64750.0,26946.0,,,,,,,47991.0,32361.0,,,,,,,,,26213.0,1844.0,44844.0,184688.0,19688.0,70376.0,,,,,,,,,,,,,57.8,64.7727995315934,,,67.5,37.2384898950878,,,148.6,195.172334010821,,,,,64.8,52.2093152618913,,,,,,,,,,,,,,,,,,,67.8,276.527748077849,29.8,105.082883214331,,,,,,,,,,,,,,,98144,53033010002
74,53033010200,2795533,2076618,Census Tract 102,Washington,King County,90060,8593,95917,12525,143750.0,47591.0,103580.0,40815.0,207833.0,161590.0,74844.0,71521.0,68393.0,20335.0,,,101490.0,37737.0,,,77222.0,91748.0,94453.0,,273478.0,,,,,,,,36121.0,962.0,,,,,94125.0,17017.0,55848.0,40203.0,,,,,,,,,,,,,83615,11492,146389.0,85099.0,137500.0,6890.0,,,,,72159.0,30236.0,,,59271.0,18807.0,81250.0,36353.0,198226.0,105200.0,91389.0,63328.0,,,,,,,,,,,,,,,179125.0,42626.0,80156.0,76867.0,,,,,,,28606.0,12108.0,,,,,101.8,48.6609258475577,132.7,52.7295603958368,,,,,105.5,31.1510987252893,,,58.4,28.5471931902533,,,256.7,334.025739790198,96.8,288.057690768587,,,,,,,,,,,,,,,190.3,29.4470570704273,143.5,90.9336145037378,,,,,,,,,,,,,,,98118,53033010200
75,53033010401,1629874,0,Census Tract 104.01,Washington,King County,54154,18099,52902,24223,105156.0,68351.0,66250.0,98549.0,158625.0,32661.0,82125.0,112808.0,,,,,,,,,98750.0,67165.0,,,,,,,,,,,,,,,54605.0,28638.0,,,,,,,,,,,38304.0,57422.0,36708.0,8797.0,,,56250,19390,69904.0,24018.0,98750.0,20377.0,250001.0,,,,,,,,,,27332.0,17622.0,,,91174.0,1167.0,,,,,,,,,38750.0,3827.0,,,43625.0,14811.0,24821.0,43091.0,52708.0,32251.0,,,,,,,,,,,,,66.5,48.8747237709455,149.1,223.849659105158,157.6,,,,,,,,,,,,,,,,,,,,,,,,,,,,79.9,49.9130199960083,,,,,,,,,,,,,,,,,,,98108,53033010401
76,53033010402,1742875,0,Census Tract 104.02,Washington,King County,55400,7733,50343,10685,160268.0,142294.0,196023.0,34460.0,94306.0,33296.0,136250.0,58476.0,,,,,,,44773.0,81027.0,54107.0,72234.0,110139.0,,30575.0,,,,,,,,36739.0,18905.0,,,,,43625.0,49917.0,47260.0,39612.0,,,51667.0,25508.0,47000.0,13502.0,40875.0,24118.0,,,33565.0,1335.0,60363,3900,166607.0,122116.0,65417.0,22590.0,,,,,,,,,,,56786.0,5001.0,41688.0,19881.0,64844.0,43977.0,,,,,,,,,,,53942.0,19932.0,43450.0,31361.0,34917.0,60790.0,64688.0,5507.0,,,,,,,60712.0,21613.0,,,,,104.0,119.684337062916,33.4,9.91909120704245,,,,,,,,,,,126.8,229.801188587166,77.0,109.225713404374,58.9,36.4304125318328,,,,,,,,,,,,,,,80.0,105.024147906245,136.9,115.316566254899,,,,,,,148.5,102.355024086762,,,,,,,98108,53033010402
77,53033010701,1457384,3664,Census Tract 107.01,Washington,King County,74069,5890,86289,14544,131850.0,29312.0,130433.0,40981.0,122321.0,42943.0,89531.0,28561.0,,,,,,,,,24700.0,82438.0,110370.0,,74440.0,,,50994.0,,1585.0,,,44706.0,7715.0,,,,,63625.0,35299.0,43846.0,154404.0,,,95833.0,55146.0,,,,,,,,,65554,8176,121406.0,52825.0,59554.0,10453.0,,,,,,,,,,,,,49583.0,68481.0,86667.0,56863.0,,,31736.0,7659.0,,,,,,,,,,,59375.0,15950.0,65625.0,12977.0,,,,,,,,,,,,,92.1,34.4401825684776,45.7,16.4323300615824,,,,,,,,,,,,,200.7,725.086636534359,78.5,73.8866505497701,,,,,,,,,,,,,,,93.3,57.523682545143,149.7,527.899849135905,,,,,,,,,,,,,,,98106,53033010701
78,53033010702,780116,0,Census Tract 107.02,Washington,King County,102188,23767,106366,29964,106314.0,37157.0,130795.0,29696.0,129184.0,9466.0,,,,,,,124375.0,75502.0,,,,,,,,,,,,,,,,,,,,,119375.0,38520.0,,,,,,,,,43266.0,2929.0,2499.0,,,,97000,38300,129167.0,49815.0,117639.0,8433.0,123036.0,65185.0,,,,,,,,,22174.0,129823.0,,,136082.0,6929.0,,,31250.0,27140.0,,,,,,,,,,,69000.0,20957.0,46964.0,80626.0,,,,,,,,,,,,,121.5,19.8095513837136,89.9,21.4142054922988,95.2,49.974097992218,,,,,,,,,,,,,,,,,,,,,,,,,,,,,57.8,25.6138506158404,,,,,,,,,,,,,,,,,98126,53033010702
79,53033010800,4140525,322633,Census Tract 108,Washington,King County,83076,4761,82355,7384,104519.0,48415.0,158730.0,948.0,144167.0,72565.0,110625.0,15446.0,102396.0,2850.0,,,,,52917.0,2457.0,185114.0,235913.0,138036.0,,195172.0,,,,,,,,,,,,,,80625.0,39825.0,37750.0,55737.0,,,72143.0,14692.0,85625.0,87145.0,77708.0,110060.0,60329.0,22802.0,,,83277,4512,68472.0,13031.0,119279.0,31030.0,,,,,77404.0,28850.0,,,,,64583.0,28090.0,,,83618.0,857.0,,,,,,,,,,,,,,,98458.0,4566.0,68409.0,26914.0,,,,,,,,,,,,,65.5,32.8073888928001,75.1,19.543767107413,,,,,75.6,28.0962606432716,,,,,122.0,52.7797955574588,,,60.6,85.653273556313,,,,,,,,,,,,,,,122.1,60.586099912953,181.2,276.897009072082,,,,,,,,,,,,,,,98106,53033010800
80,53033010900,5389781,414929,Census Tract 109,Washington,King County,67386,18078,85036,24522,170250.0,173234.0,138750.0,30657.0,153125.0,75341.0,88393.0,11516.0,,,,,,,,,86691.0,62073.0,,,,,,,,,,,,,,,,,,,72891.0,35631.0,,,34653.0,189577.0,,,,,,,,,55170,6294,58750.0,46154.0,75234.0,19422.0,,,,,,,,,,,29338.0,20988.0,,,,,,,,,,,,,,,,,,,,,,,,,,,,,,,,,,,34.5,44.3603823905699,54.2,7.2391422496086,,,,,,,,,,,,,,,,,,,,,,,,,,,,,,,,,,,,,,,,,,,,,,,,,98108,53033010900
81,53033011001,1080391,0,Census Tract 110.01,Washington,King County,44640,10089,42412,6576,74861.0,55085.0,,,140880.0,19757.0,147955.0,168468.0,,,,,,,,,,,,,,,,,,,,,9896.0,26016.0,,,,,28750.0,64675.0,42844.0,1784.0,,,45929.0,23365.0,,,43472.0,28876.0,,,,,59922,17344,76709.0,41878.0,59922.0,22424.0,,,,,,,,,,,,,,,83125.0,13702.0,,,,,,,,,,,,,,,,,40427.0,2819.0,,,,,,,,,,,,,102.5,93.8854634486935,,,,,,,,,,,,,,,,,,,,,,,,,,,,,,,,,,,94.4,5.27777411112506,,,,,,,,,,,,,,,98118,53033011001
82,53033011002,1719569,0,Census Tract 110.02,Washington,King County,41021,4964,43802,7296,74479.0,64718.0,,,122750.0,102189.0,,,,,,,,,,,,,,,,,,,,,,,40114.0,19438.0,,,,,,,49792.0,15930.0,,,26927.0,25388.0,21855.0,18675.0,44423.0,15511.0,63083.0,35417.0,,,34626,6447,121458.0,44805.0,,,,,,,,,,,,,50469.0,36827.0,,,,,,,,,,,,,40806.0,8340.0,34583.0,6668.0,,,,,47396.0,30764.0,,,,,,,,,,,32978.0,11094.0,163.1,153.94521226689,,,,,,,,,,,,,,,,,,,,,,,,,,,101.7,53.4980113481195,,,,,,,95.2,53.7584318184852,,,,,,,,,,,,,,,98108,53033011002
83,53033011101,1136851,0,Census Tract 111.01,Washington,King County,48578,7213,47075,12889,57361.0,35188.0,104688.0,376198.0,107639.0,85680.0,,,,,,,,,,,96923.0,55839.0,,30500.0,,17096.0,,,,,,,41588.0,11001.0,,,,,44022.0,3014.0,40318.0,43985.0,,,,,63942.0,40413.0,53469.0,18169.0,,,30938.0,27097.0,49076,6508,36283.0,31352.0,,,,,,,,,,,,,84926.0,18379.0,,,117733.0,55072.0,59063.0,54923.0,,,,,,,,,,,29808.0,29756.0,49250.0,67296.0,43125.0,9236.0,,,,,,,34375.0,18038.0,,,,,63.3,38.4936263699294,,,,,,,,,,,,,,,,,,,,,,,,,,,,,,,,,111.9,152.677001455026,107.0,118.917866940078,,,,,,,64.3,25.7067499489364,,,,,,,98118,53033011101
84,53033011102,1303226,1143440,Census Tract 111.02,Washington,King County,67590,11609,64722,14019,125000.0,118760.0,111875.0,67065.0,102000.0,33604.0,102083.0,121064.0,,,77800.0,21063.0,,,61406.0,29222.0,,,77244.0,,165221.0,,,41017.0,,11393.0,,,21772.0,13437.0,30938.0,12158.0,,,,,54179.0,24111.0,,,68415.0,24753.0,,,54792.0,80716.0,,,41583.0,5704.0,68145,11800,128214.0,28816.0,250001.0,,113523.0,71215.0,,,,,,,,,60200.0,29828.0,,,84855.0,5534.0,,,,,,,,,,,39625.0,2657.0,,,,,41129.0,4831.0,,,,,,,30385.0,18586.0,,,,,102.6,100.140396018318,223.5,,111.3,59.4152955021705,,,,,,,,,98.0,13.5270602879855,,,109.9,235.079605041915,,,,,,,,,,,128.1,51.0597551466375,,,,,75.9,34.9401787535867,,,,,,,55.5,88.4554838338973,,,,,,,98118,53033011102
85,53033011200,2483779,139646,Census Tract 112,Washington,King County,49889,5378,49279,10212,126250.0,32254.0,,,62083.0,23545.0,,,,,,,,,,,,,,,,,,,,,,,35521.0,16936.0,41250.0,23965.0,,,74444.0,31868.0,53938.0,29710.0,53229.0,19581.0,12813.0,16156.0,50000.0,4519.0,34018.0,12859.0,,,32455.0,24584.0,50625,7951,75833.0,42701.0,44267.0,18000.0,,,,,,,,,,,,,,,,,,,,,,,,,50398.0,10992.0,,,,,,,59583.0,21956.0,,,,,,,,,,,,,60.1,30.1410737385619,,,,,,,,,,,,,,,,,,,,,,,,,,,141.9,74.3896811136308,,,,,,,110.5,73.2070364768704,,,,,,,,,,,,,,,98108,53033011200
86,53033011300,3419308,42220,Census Tract 113,Washington,King County,77708,9242,80441,20540,67708.0,13159.0,101250.0,38642.0,104958.0,60575.0,91953.0,20579.0,,,,,145281.0,68435.0,55833.0,51299.0,,,,,,,,,,,,,,,,,,,89917.0,99686.0,61250.0,20379.0,,,116477.0,125568.0,32460.0,51933.0,44519.0,25048.0,,,165809.0,140292.0,74948,9133,125167.0,48754.0,64046.0,4407.0,,,,,,,72115.0,12976.0,,,80417.0,13531.0,,,79107.0,31919.0,,,,,,,,,,,,,,,53333.0,45973.0,105423.0,45913.0,,,,,,,,,,,,,184.9,62.4025824152717,63.3,24.5305894303423,,,,,,,,,,,144.0,134.535816195871,,,,,,,,,,,,,,,,,,,59.3,83.2956985489947,172.1,48.3680455028925,,,,,,,,,,,,,,,98106,53033011300
87,53033011401,1233155,0,Census Tract 114.01,Washington,King County,58350,11319,63389,12237,74423.0,25298.0,43942.0,26625.0,91250.0,12969.0,108125.0,34903.0,,,,,,,66250.0,42458.0,,,,,,,,,,,,,34273.0,10103.0,,,,,45989.0,8574.0,66250.0,97161.0,,,,,74289.0,18057.0,34423.0,27862.0,60536.0,59299.0,,,54625,18966,86250.0,27189.0,61250.0,2450.0,68484.0,871.0,,,,,,,,,65733.0,42444.0,,,76193.0,13343.0,,,,,,,,,30081.0,14648.0,,,,,36786.0,22307.0,44671.0,4514.0,,,,,,,,,,,,,115.9,53.7266970433581,139.4,84.640919003443,75.1,10.7093176276194,,,,,,,,,99.2,7.81954267642359,,,,,,,,,,,,,87.8,34.0183995193076,,,,,80.0,46.1557366581768,67.4,99.1229776616043,,,,,,,,,,,,,,,98106,53033011401
88,53033011402,1186191,0,Census Tract 114.02,Washington,King County,48402,7390,52119,12020,103359.0,8918.0,66927.0,22210.0,62000.0,50188.0,,,,,,,96071.0,72226.0,94688.0,60568.0,52708.0,26375.0,,,,,,,,,,,44167.0,17907.0,,,,,108269.0,52926.0,51274.0,10742.0,,,61786.0,84155.0,58750.0,54751.0,45388.0,7944.0,43563.0,588.0,,,46213,2451,110875.0,13488.0,46686.0,6345.0,,,,,,,66208.0,13388.0,,,41985.0,18642.0,78214.0,36469.0,111607.0,50236.0,,,34464.0,22947.0,,,,,6780.0,14183.0,,,41761.0,12562.0,46140.0,15388.0,42500.0,2376.0,,,,,,,38875.0,491.0,,,,,107.3,9.19932457084403,69.8,25.0151224549105,,,,,,,,,,,44.3,34.5261152229491,148.4,101.494349712858,,,,,,,,,,,15.4,31.5033042622368,,,,,42.6,25.2188283786638,82.9,17.9728490559208,,,,,,,85.7,15.0298759549249,,,,,,,98106,53033011402
89,53033011500,1538373,0,Census Tract 115,Washington,King County,82358,4275,93347,8482,105469.0,26918.0,95313.0,20188.0,176875.0,63162.0,121488.0,6170.0,71000.0,183252.0,,,,,,,97625.0,42140.0,,,,,,,,,,,,,,,,,72167.0,29397.0,59352.0,7801.0,,,44375.0,84836.0,,,,,,,,,78200,7726,96827.0,74894.0,82083.0,22137.0,98750.0,39539.0,,,,,,,86023.0,3914.0,63173.0,25047.0,,,93000.0,35509.0,,,,,,,,,,,,,,,80750.0,66562.0,43875.0,6113.0,,,,,,,,,,,,,91.8,67.033378040034,86.1,14.377184795315,55.8,10.1106888178207,,,,,,,,,,,,,,,,,,,,,,,,,,,,,111.9,80.1841753498093,73.9,3.41708439465007,,,,,,,,,,,,,,,98126,53033011500
90,53033011700,3515808,0,Census Tract 117,Washington,King County,47122,7116,53661,9170,102500.0,125742.0,99808.0,129051.0,165417.0,95231.0,84125.0,44553.0,,,,,,,,,,,,34837.0,,46085.0,,,,,,,29770.0,19518.0,,,,,56813.0,4999.0,65000.0,11248.0,,,55804.0,38937.0,,,72708.0,2400.0,,,34063.0,25085.0,41855,8679,70909.0,17655.0,49550.0,35760.0,95398.0,43774.0,,,,,63824.0,23402.0,,,,,,,,,,,29408.0,5454.0,,,,,26875.0,18214.0,29572.0,30814.0,,,43125.0,16584.0,39677.0,15719.0,,,,,,,36763.0,2188.0,,,31286.0,4892.0,69.2,86.5963407034515,49.6,73.5131980304956,57.7,42.4572545978204,,,,,,,,,,,,,,,,,84.4,112.763903369123,,,,,90.3,15.4980093893438,,,,,75.9,28.4161094428087,61.0,21.7541758626703,,,,,,,50.6,2.5040550307891,,,91.8,69.1470563914711,,,98118,53033011700
91,53033012000,1437048,0,Census Tract 120,Washington,King County,82692,13363,104392,12524,123971.0,23695.0,104813.0,38600.0,161364.0,29165.0,137539.0,30291.0,,,,,,,,,,,,,,,,,,,,,,,,,,,138333.0,194060.0,87679.0,110270.0,,,52667.0,62355.0,49700.0,105061.0,,,,,,,75625,13553,89063.0,17265.0,75625.0,7293.0,,,82500.0,73643.0,,,57841.0,81780.0,,,29570.0,63974.0,,,86528.0,35115.0,,,,,,,,,,,,,,,152500.0,93306.0,63333.0,3360.0,,,,,,,,,,,,,71.8,2.32399104165306,72.2,27.4678065497,,,60.0,51.8881170425231,,,,,,,,,,,,,,,,,,,,,,,,,,,110.2,168.720605992952,72.2,90.9247941491279,,,,,,,,,,,,,,,98146,53033012000
92,53033012100,1739952,1380849,Census Tract 121,Washington,King County,120583,22945,149219,25090,151750.0,88266.0,192750.0,184529.0,170458.0,87544.0,237833.0,82569.0,,,,,,,,,,,,,,,,,,,,,,,,,,,157875.0,203036.0,98875.0,120207.0,,,,,,,,,,,,,103482,12456,112188.0,47096.0,86250.0,59082.0,,,,,,,80341.0,29192.0,229934.0,115124.0,93571.0,30148.0,,,,,,,,,,,,,,,,,,,121607.0,292241.0,81944.0,72604.0,,,,,,,,,,,,,73.9,53.0311819536076,44.7,52.6753900305933,,,,,,,,,,,,,,,,,,,,,,,,,,,,,,,77.0,156.371993140082,82.9,124.675138018677,,,,,,,,,,,,,,,98146,53033012100
