Geographic Identifier - FIPS Code,Area of Land (Square Meters),Area of Water (Square Meters),Name,State,County,Median Earnings of Total Full-Time Year-Round Civilian Employed Population 16 Years and Over with Earnings,Median Earnings of Total Full-Time Year-Round Civilian Employed Population 16 Years and Over with Earnings - Margin of Error,Median Earnings of Male Full-Time Year-Round Civilian Employed Population 16 Years and Over with Earnings,Median Earnings of Male Full-Time Year-Round Civilian Employed Population 16 Years and Over with Earnings - Margin of Error,Median Earnings of Males in Management Occupations,Median Earnings of Males in Management Occupations - Margin of Error,Median Earnings of Males in Business and Financial Operations Occupations,Median Earnings of Males in Business and Financial Operations Occupations - Margin of Error,Median Earnings of Males in Computer and Mathematical Occupations,Median Earnings of Males in Computer and Mathematical Occupations - Margin of Error,Median Earnings of Males in Architecture and Engineering Occupations,Median Earnings of Males in Architecture and Engineering Occupations - Margin of Error,"Median Earnings of Males in Life, Physical, and Social Science Occupations","Median Earnings of Males in Life, Physical, and Social Science Occupations - Margin of Error",Median Earnings of Males in Community and Social Service Occupations,Median Earnings of Males in Community and Social Service Occupations - Margin of Error,Median Earnings of Males in Legal Occupations,Median Earnings of Males in Legal Occupations - Margin of Error,"Median Earnings of Males in Education, Training, and Library Occupations","Median Earnings of Males in Education, Training, and Library Occupations - Margin of Error","Median Earnings of Males in Arts, Design, Entertainment, Sports, and Media Occupations","Median Earnings of Males in Arts, Design, Entertainment, Sports, and Media Occupations - Margin of Error",Median Earnings of Males in Health Diagnosing and Treating Practitioners and Other Technical Occupations,Median Earnings of Males in Healthcare Support Occupations,Median Earnings of Males in Health Diagnosing and Treating Practitioners and Other Technical Occupations - Margin of Error,Median Earnings of Males in Healthcare Support Occupations - Margin of Error,Median Earnings of Males in Health Technologists and Technicians Occupations,"Median Earnings of Males in Fire Fighting and Prevention, and Other Protective Service Workers including Supervisors",Median Earnings of Males in Health Technologists and Technicians Occupations - Margin of Error,"Median Earnings of Males in Fire Fighting and Prevention, and Other Protective Service Workers including Supervisors - Margin of Error",Median Earnings of Males in Law Enforcement Workers including Supervisors,Median Earnings of Males in Law Enforcement Workers including Supervisors - Margin of Error,Median Earnings of Males in Food Preparation and Serving Related Occupations,Median Earnings of Males in Food Preparation and Serving Related Occupations - Margin of Error,Median Earnings of Males in Building and Grounds Cleaning and Maintenance Occupations,Median Earnings of Males in Building and Grounds Cleaning and Maintenance Occupations - Margin of Error,Median Earnings of Males in Personal Care and Service Occupations,Median Earnings of Males in Personal Care and Service Occupations - Margin of Error,Median Earnings of Males in Sales and Related Occupations,Median Earnings of Males in Sales and Related Occupations - Margin of Error,Median Earnings of Males in Office and Administrative Support Occupations,Median Earnings of Males in Office and Administrative Support Occupations - Margin of Error,"Median Earnings of Males in Farming, Fishing, and Forestry Occupations","Median Earnings of Males in Farming, Fishing, and Forestry Occupations - Margin of Error",Median Earnings of Males in Construction and Extraction Occupations,Median Earnings of Males in Construction and Extraction Occupations - Margin of Error,"Median Earnings of Males in Installation, Maintenance, and Repair Occupations","Median Earnings of Males in Installation, Maintenance, and Repair Occupations - Margin of Error",Median Earnings of Males in Production Occupations,Median Earnings of Males in Production Occupations - Margin of Error,Median Earnings of Males in Transportation Occupations,Median Earnings of Males in Transportation Occupations - Margin of Error,Median Earnings of Males in Material Moving Occupations,Median Earnings of Males in Material Moving Occupations - Margin of Error,Median Earnings of Female Full-Time Year-Round Civilian Employed Population 16 Years and Over with Earnings,Median Earnings of Female Full-Time Year-Round Civilian Employed Population 16 Years and Over with Earnings - Margin of Error,Median Earnings of Females in Management Occupations,Median Earnings of Females in Management Occupations - Margin of Error,Median Earnings of Females in Business and Financial Operations Occupations,Median Earnings of Females in Business and Financial Operations Occupations - Margin of Error,Median Earnings of Females in Computer and Mathematical Occupations,Median Earnings of Females in Computer and Mathematical Occupations - Margin of Error,Median Earnings of Females in Architecture and Engineering Occupations,Median Earnings of Females in Architecture and Engineering Occupations - Margin of Error,"Median Earnings of Females in Life, Physical, and Social Science Occupations","Median Earnings of Females in Life, Physical, and Social Science Occupations - Margin of Error",Median Earnings of Females in Community and Social Service Occupations,Median Earnings of Females in Community and Social Service Occupations - Margin of Error,Median Earnings of Females in Legal Occupations,Median Earnings of Females in Legal Occupations - Margin of Error,"Median Earnings of Females in Educational Instruction, and Library Occupations","Median Earnings of Females in Educational Instruction, and Library Occupations - Margin of Error","Median Earnings of Females in Arts, Design, Entertainment, Sports, and Media Occupations","Median Earnings of Females in Arts, Design, Entertainment, Sports, and Media Occupations - Margin of Error",Median Earnings of Females in Health Diagnosing and Treating Practitioners and Other Technical Occupations,Median Earnings of Females in Health Diagnosing and Treating Practitioners and Other Technical Occupations - Margin of Error,Median Earnings of Females in Health Technologists and Technicians Occupations,Median Earnings of Females in Health Technologists and Technicians Occupations - Margin of Error,Median Earnings of Females in Healthcare Support Occupations,Median Earnings of Females in Healthcare Support Occupations - Margin of Error,"Median Earnings of Females in Fire Fighting and Prevention, and Other Protective Service Workers including Supervisors","Median Earnings of Females in Fire Fighting and Prevention, and Other Protective Service Workers including Supervisors - Margin of Error",Median Earnings of Females in Law Enforcement Workers including Supervisors,Median Earnings of Females in Law Enforcement Workers including Supervisors - Margin of Error,Median Earnings of Females in Food Preparation and Serving Related Occupations,Median Earnings of Females in Food Preparation and Serving Related Occupations - Margin of Error,Median Earnings of Females in Building and Grounds Cleaning and Maintenance Occupations,Median Earnings of Females in Building and Grounds Cleaning and Maintenance Occupations - Margin of Error,Median Earnings of Females in Personal Care and Service Occupations,Median Earnings of Females in Personal Care and Service Occupations - Margin of Error,Median Earnings of Females in Sales and Related Occupations,Median Earnings of Females in Sales and Related Occupations - Margin of Error,Median Earnings of Females in Office and Administrative Support Occupations,Median Earnings of Females in Office and Administrative Support Occupations - Margin of Error,"Median Earnings of Females in Farming, Fishing, and Forestry Occupations","Median Earnings of Females in Farming, Fishing, and Forestry Occupations - Margin of Error",Median Earnings of Females in Construction and Extraction Occupations,Median Earnings of Females in Construction and Extraction Occupations - Margin of Error,"Median Earnings of Females in Installation, Maintenance, and Repair Occupations","Median Earnings of Females in Installation, Maintenance, and Repair Occupations - Margin of Error",Median Earnings of Females in Production Occupations,Median Earnings of Females in Production Occupations - Margin of Error,Median Earnings of Females in Transportation Occupations,Median Earnings of Females in Transportation Occupations - Margin of Error,Median Earnings of Females in Material Moving Occupations,Median Earnings of Females in Material Moving Occupations - Margin of Error,Female Earnings as a Percent of Male Earnings for Management Occupations,Female Earnings as a Percent of Male Earnings for Management Occupations - Margin of Error,Female Earnings as a Percent of Male Earnings for Business and Financial Operations Occupations,Female Earnings as a Percent of Male Earnings for Business and Financial Operations Occupations - Margin of Error,Female Earnings as a Percent of Male Earnings for Computer and Mathematical Occupations,Female Earnings as a Percent of Male Earnings for Computer and Mathematical Occupations - Margin of Error,Female Earnings as a Percent of Male Earnings for Architecture and Engineering Occupations,Female Earnings as a Percent of Male Earnings for Architecture and Engineering Occupations - Margin of Error,"Female Earnings as a Percent of Male Earnings for Life, Physical, and Social Science Occupations","Female Earnings as a Percent of Male Earnings for Life, Physical, and Social Science Occupations - Margin of Error",Female Earnings as a Percent of Male Earnings for Community and Social Service Occupations,Female Earnings as a Percent of Male Earnings for Community and Social Service Occupations - Margin of Error,Female Earnings as a Percent of Male Earnings for Legal Occupations,Female Earnings as a Percent of Male Earnings for Legal Occupations - Margin of Error,"Female Earnings as a Percent of Male Earnings for Educational Instruction, and Library Occupations","Female Earnings as a Percent of Male Earnings for Educational Instruction, and Library Occupations - Margin of Error","Female Earnings as a Percent of Male Earnings for Arts, Design, Entertainment, Sports, and Media Occupations","Female Earnings as a Percent of Male Earnings for Arts, Design, Entertainment, Sports, and Media Occupations - Margin of Error",Female Earnings as a Percent of Male Earnings for Health Diagnosing and Treating Practitioners and Other Technical Occupations,Female Earnings as a Percent of Male Earnings for Health Diagnosing and Treating Practitioners and Other Technical Occupations - Margin of Error,Female Earnings as a Percent of Male Earnings for Health Technologists and Technicians,Female Earnings as a Percent of Male Earnings for Health Technologists and Technicians - Margin of Error,Female Earnings as a Percent of Male Earnings for Healthcare Support Occupations,Female Earnings as a Percent of Male Earnings for Healthcare Support Occupations - Margin of Error,Female Earnings as a Percent of Male Earnings for Fire Fighting and Prevention and Other Protective Service Occupations,Female Earnings as a Percent of Male Earnings for Fire Fighting and Prevention and Other Protective Service Occupations - Margin of Error,Female Earnings as a Percent of Male Earnings for Law Enforcement Occupations,Female Earnings as a Percent of Male Earnings for Law Enforcement Occupations - Margin of Error,Female Earnings as a Percent of Male Earnings for Food Preparation and Serving Occupations,Female Earnings as a Percent of Male Earnings for Food Preparation and Serving Occupations - Margin of Error,Female Earnings as a Percent of Male Earnings for Building and Grounds Cleaning and Maintenance Occupations,Female Earnings as a Percent of Male Earnings for Building and Grounds Cleaning and Maintenance Occupations - Margin of Error,Female Earnings as a Percent of Male Earnings for Personal Care and Service Occupations,Female Earnings as a Percent of Male Earnings for Personal Care and Service Occupations - Margin of Error,Female Earnings as a Percent of Male Earnings for Sales and Related Occupations,Female Earnings as a Percent of Male Earnings for Sales and Related Occupations - Margin of Error,Female Earnings as a Percent of Male Earnings for Office and Administrative Support Occupations,Female Earnings as a Percent of Male Earnings for Office and Administrative Support Occupations - Margin of Error,"Female Earnings as a Percent of Male Earnings for Farming, Fishing, and Forestry Occupations","Female Earnings as a Percent of Male Earnings for Farming, Fishing, and Forestry Occupations - Margin of Error",Female Earnings as a Percent of Male Earnings for Construction and Extraction Occupations,Female Earnings as a Percent of Male Earnings for Construction and Extraction Occupations - Margin of Error,"Female Earnings as a Percent of Male Earnings for Installation, Maintenance, and Repair Occupations","Female Earnings as a Percent of Male Earnings for Installation, Maintenance, and Repair Occupations - Margin of Error",Female Earnings as a Percent of Male Earnings for Production Occupations,Female Earnings as a Percent of Male Earnings for Production Occupations - Margin of Error,Female Earnings as a Percent of Male Earnings for Transportation Occupations,Female Earnings as a Percent of Male Earnings for Transportation Occupations - Margin of Error,Female Earnings as a Percent of Male Earnings for Material Moving Occupations,Female Earnings as a Percent of Male Earnings for Material Moving Occupations - Margin of Error,x,y
53033000300,1211013,0,Census Tract 3,Washington,King County,77564,9426,78309,16050,66809,93277,78472,50561,116528,77792,104567,10921,80313,45461,,,,,,,,,128462,,23994,,,,,,,,,,,,,,60833,40204,53828,26549,,,84750,33963,59167,54130,50000,50262,89125,64869,,,77050,14560,158646,78978,82188,29501,187768,105648,,,,,,,,,76250,29927,,,66042,88721,92986,31034,,,,,,,,,,,,,60903,26942,45446,18491,,,,,,,,,,,,,237.5,351.983469586922,104.7,77.2482482780689,161.1,140.681812811254,,,,,,,,,,,,,51.4,68.3932243820935,,,,,,,,,,,,,,,100.1,79.6197121243509,84.4,53.9822465104449,,,,,,,,,,,,,,
53033000402,1798938,0,Census Tract 4.02,Washington,King County,67787,14919,67973,18576,185521,8948,69031,31128,147622,47726,188173,100610,73021,26858,,,,,,,,,,,,,,,,,,,,,43750,14944,,,22885,150395,60125,33057,,,38750,95825,,,48425,1931,,,,,67259,19985,,,87917,39285,108563,13682,,,,,,,,,63750,26395,,,,,,,,,,,,,39861,37976,,,,,,,78376,1771,,,,,,,,,,,,,,,127.4,80.8505845542494,73.5,25.5183912207757,,,,,,,,,,,,,,,,,,,,,,,,,,,,,,,130.4,71.7303297123394,,,,,,,,,,,,,,
53033000500,2898252,953717,Census Tract 5,Washington,King County,126957,13994,150000,40428,117321,98310,155417,34649,204519,124043,133500,39909,,,,,250001,,,,187917,165729,,,,,,,,,,,,,,,,,250001,,,,,,,,120125,74220,,,,,,,99643,34404,99464,90201,200208,129760,131429,111407,,,,,79583,36953,139167,68566,116875,81258,,,145694,92696,,,,,,,,,,,,,,,64625,169173,102750,40358,,,,,,,,,,,,,84.8,29.3980438153625,128.8,78.3966155750216,64.3,38.0546080097458,,,,,,,55.7,,,,,,,,,,,,,,,,,,,,,,25.8,,,,,,,,,,,,,,,,,
53033000700,1294438,0,Census Tract 7,Washington,King County,57948,18665,63378,7629,109931,75609,67500,72990,107241,73992,101042,34410,,,,,,,59141,108077,,,,,,,,,,,,,,,,,,,70156,45066,62348,7821,,,44421,22066,98250,1149,63729,27110,,,,,44538,8159,83824,27517,29455,10911,,,,,,,72723,21573,,,44792,47354,,,79773,229682,,,,,,,,,9136,9966,,,,,30750,288174,43665,16742,,,,,,,,,,,,,76.3,58.1119971875212,43.6,49.87810244496,,,,,,,,,,,75.7,159.898416018492,,,,,,,,,,,,,,,,,,,43.8,409.795635545397,70,25.3747441611745,,,,,,,,,,,,,,
53033000800,1141931,0,Census Tract 8,Washington,King County,102228,11242,119327,23933,124167,27014,,,131159,979,135833,51709,12330,131803,,,,,,,,,,,,,,,,,,,,,,,,,,,162885,184484,,,66406,158828,,,,,,,,,97344,15761,114028,299108,57063,51230,101033,6131,,,133750,128921,,,,,,,,,76771,26295,,,,,,,,,,,,,,,,,48929,15536,,,,,,,,,,,,,91.8,240.061711959848,,,77,4.63898233512422,,,1084.8,11642.6376917066,,,,,,,,,,,,,,,,,,,,,,,,,,,30,35.3339266326673,,,,,,,,,,,,,,
53033000900,1004853,1849039,Census Tract 9,Washington,King County,107895,16532,110750,11913,95000,14762,73750,37159,150250,20739,77321,123250,,,,,242500,210293,,,,,241667,,193159,,,,,,,,,,24479,117582,,,238250,145042,,,,,,,,,,,,,,,94688,25504,51250,120345,116607,34370,,,,,,,,,,,108250,94809,,,98438,209018,,,,,,,,,,,,,,,143750,93311,56167,15642,,,,,,,,,,,,,53.9,126.401279577542,158.1,92.2946443671552,,,,,,,,,,,,,,,40.7,80.1285442347364,,,,,,,,,,,,,,,60.3,13.5913420103738,,,,,,,,,,,,,,,,
53033001000,954203,0,Census Tract 10,Washington,King County,91780,10744,93333,12081,131176,6433,,,125179,6180,100139,47067,,,,,,,94375,35087,,,,,,,,,,,,,,,,,,,32727,7898,,,,,,,,,,,,,,,90104,27803,108393,39952,102250,21168,,,,,91250,57084,,,,,89375,31385,64583,33904,158047,54241,,,,,,,,,,,,,,,32969,98870,,,,,,,,,,,,,,,82.6,30.1860007307411,,,,,,,,,,,,,94.7,48.4311896739419,,,,,,,,,,,,,,,,,,,100.7,301.12549512808,,,,,,,,,,,,,,,,
53033001100,1060685,0,Census Tract 11,Washington,King County,69479,14808,84063,30950,165875,26378,158654,49184,134750,22445,100658,1873,62125,48071,,,,,,,88958,31689,,,,,,,,,,,32344,17716,,,,,,,61818,116231,,,51116,18641,,,,,,,,,57337,22771,71250,92071,70000,42442,45972,41671,,,,,,,,,73098,32727,79531,21896,76016,42768,,,,,,,,,,,,,,,,,41622,7550,,,,,,,,,,,,,43,55.084352813098,44.1,22.990139136129,34.1,30.3980650041483,,,,,,,,,,,89.4,40.2505115041204,,,,,,,,,,,,,,,,,,,67.3,127.182328875772,,,,,,,,,,,,,,
53033001300,1180877,0,Census Tract 13,Washington,King County,71875,9623,64384,29172,91875,32452,,,107500,65946,94511,59137,,,100083,115024,79353,38570,,,,,,,,,,,,,,,29706,11823,,,,,43974,8868,,,,,,,,,,,,,,,72249,9538,104257,36007,56806,6526,89766,42362,,,,,,,78949,55564,71190,455,,,131250,23645,,,,,,,,,53286,38779,,,,,,,37083,22625,,,,,,,,,,,,,113.5,56.0583927184584,,,83.5,64.6288723115903,,,,,,,99.5,50.6406214391609,,,,,,,,,,,,,,,179.4,109.290886594277,,,,,,,,,,,,,,,,,,,,,,
53033001400,2152767,213389,Census Tract 14,Washington,King County,83889,23483,97768,29961,106250,95120,117054,33021,,,92308,37650,113382,161394,,,,,,,,,146250,,983,,,,,,,,20667,19281,,,,,146000,68936,,,,,,,,,,,,,,,76627,13436,88750,87514,71875,20366,183003,114976,,,,,73686,14257,,,66786,99058,,,136319,54687,,,,,,,,,,,,,63309,10865,,,38786,17494,,,,,,,,,,,,,83.5,34.5283892950024,61.4,1.63408460357794,,,,,,,,,,,,,,,93.2,37.3875718511346,,,,,,,,,,,,,,,,,,,,,,,,,,,,,,,,
53033001500,1167711,526885,Census Tract 15,Washington,King County,83451,24857,100729,40075,134583,42170,188854,141116,134904,38925,71667,336846,104750,153838,,,,,80197,6864,,,167386,,259453,,,,,,,,45313,32614,,,,,250001,,102813,162703,,,,,,,79792,42030,72857,32803,,,81000,18929,138000,29677,,,61292,1583,,,,,,,,,112188,35666,84000,20929,102969,16207,,,,,,,,,,,,,,,,,51389,51680,,,,,,,,,,,,,102.5,38.9685347860023,,,45.4,13.1618105096316,,,,,,,,,139.9,42.8309555155981,,,61.5,95.8417054474052,,,,,,,,,,,,,,,,,50,93.719186765318,,,,,,,,,,,,,,
53033001600,2020358,320118,Census Tract 16,Washington,King County,121616,13189,143672,33710,224432,61901,158368,41297,161250,51053,79115,72120,,,,,,,91146,63728,112901,9854,250001,,,,,,,,,,,,,,,,59728,159084,82989,6854,,,115500,94818,,,,,,,,,99786,18693,111731,47086,90536,23465,114107,45663,,,,,,,161125,167316,188399,59634,98849,1283,125227,35647,,,,,,,,,,,,,,,81845,96948,93281,45810,,,,,,,,,,,,,49.8,15.8626440483653,57.2,21.0183238904052,70.8,17.3192973372827,,,,,,,,,206.7,158.641916553056,87.6,7.72572167181129,50.1,,,,,,,,,,,,,,,,137,399.440771798385,112.4,54.4138986102733,,,,,,,,,,,,,,
53033001701,892768,0,Census Tract 17.01,Washington,King County,67317,6801,76108,13626,124219,53456,93313,65746,117206,2724,105833,44794,,,,,,,69868,19307,,,,,,,,,,,,,38472,22894,,,,,,,49333,20043,,,,,,,,,,,52941,35150,65549,5610,96538,56616,68481,8251,112361,27841,,,,,,,,,51364,6361,,,81616,5228,,,19779,37894,,,,,,,,,43403,80676,51083,84296,65893,8246,,,,,,,,,,,,,77.7,30.9646756580273,73.4,52.4582790130427,95.9,23.6491810243884,,,,,,,,,73.5,22.2618070554416,,,,,,,,,,,,,,,,,,,,,133.6,56.7818424621479,,,,,,,,,,,,,,
53033001702,1280220,0,Census Tract 17.02,Washington,King County,70926,16460,66028,21001,87486,20061,128708,49898,136635,103445,81750,55285,115781,56708,,,,,,,,,,38771,,5492,,,,,,,,,32321,24001,,,39710,97120,83640,33131,,,49635,6671,,,,,,,,,76858,19973,99635,71268,76791,10077,,,,,94417,179695,,,,,66855,18822,,,,,,,,,,,,,,,,,,,,,91447,42246,,,,,,,,,,,,,113.9,77.1628235666724,59.7,24.4195053826371,,,,,81.5,149.975075997965,,,,,,,,,,,,,,,,,,,,,,,,,,,109.3,25.9911807877225,,,,,,,,,,,,,,
53033001800,946085,0,Census Tract 18,Washington,King County,79348,3646,80237,4814,82969,22623,89803,37486,123857,26885,47321,68096,,,,,,,41181,25874,72422,182965,,,,,,,,,,,,,,,,,85714,22155,65197,40585,,,,,,,106250,70536,,,,,67794,23185,125662,32138,120521,115182,66250,73772,,,58778,9002,,,83964,11667,,,,,81389,19165,,,,,,,,,,,,,,,59150,2497,59732,47961,,,,,,,,,,,,,151.5,56.6203983137608,134.2,115.379710416328,53.5,58.419636803511,,,,,,,,,,,,,,,,,,,,,,,,,,,,,69,18.0733747093739,91.6,46.4641125286535,,,,,,,,,,,,,,
53033001900,1667272,0,Census Tract 19,Washington,King County,86628,14202,102453,7682,119028,17415,76979,33336,164572,5394,101563,24596,,,,,,,54531,47639,91667,219958,,,,,,,,,,,39531,114426,,,,,59000,253671,58875,18602,,,,,110938,186264,,,,,,,69944,7874,104167,35582,68194,14940,108889,35298,108977,12139,,,37888,15448,99000,42418,58750,12659,73707,4811,90909,94158,111250,69608,,,,,,,,,,,,,48750,18494,49490,14918,,,,,,,,,,,,,87.5,27.0127734503927,88.6,42.993061497433,66.2,21.3384482215397,107.3,28.6023133064552,,,,,,,107.7,96.9409454794213,80.4,193.011452129379,,,,,,,,,,,,,,,,,82.6,356.636201374401,84.1,36.70732816261,,,,,,,,,,,,,,
53033002000,1103313,28680,Census Tract 20,Washington,King County,93558,19168,99242,11991,130278,91727,136146,59989,113125,28474,118594,34098,189010,37457,,,,,98182,38004,,,,,,,,,,,,,,,105078,23224,,,98325,25205,,,,,,,,,,,,,,,76964,19418,97734,82527,62054,8300,77232,32732,,,74875,12824,,,,,68897,24718,73250,46706,143458,25251,,,,,,,,,,,,,,,97768,75093,76250,76286,,,,,,,,,,,,,75,34.9691369706669,45.6,20.9880583141326,68.3,23.2787829373417,,,39.6,10.3761771593747,,,,,70.2,37.0351703205865,,,,,,,,,,,,,,,,,,,99.4,71.9932010242968,,,,,,,,,,,,,,,,
53033002100,1365468,0,Census Tract 21,Washington,King County,99550,17128,113878,12849,138375,52859,250001,,136818,72840,96442,58237,82321,168743,,,,,64609,98910,,,250001,,,,,,,,,,53472,35128,,,,,114487,25293,,,,,83851,598,,,,,,,,,82063,36259,97609,51029,105739,41127,109786,90368,,,58036,43382,60139,68617,,,49904,31316,,,127885,93886,,,,,,,,,,,,,,,56875,124072,44167,11551,,,,,,,,,,,,,70.5,25.1764340075281,42.3,,80.2,50.3744289214799,,,70.5,153.820256615769,,,,,77.2,127.795372619718,,,51.2,,,,,,,,,,,,,,,,49.7,107.814957879204,,,,,,,,,,,,,,,,
53033002200,2804076,1154953,Census Tract 22,Washington,King County,115942,20305,116672,22826,156387,25708,110156,19906,207981,54797,97222,85397,116232,2037,,,171118,118658,74375,15998,125441,64416,250001,,,,,,,,,,,,,,,,74750,136661,,,,,,,,,,,,,,,106815,32917,107115,117210,125714,217995,,,,,,,,,250001,,100556,66698,,,138886,25184,,,,,,,,,,,,,,,156198,105994,73068,40546,,,,,,,,,,,,,68.5,74.0981113384682,114.1,196.819117006804,,,,,,,,,146.1,,135.2,84.8315722529289,,,55.6,,,,,,,,,,,,,,,,209,407.496903823084,,,,,,,,,,,,,,,,
53033002400,962528,0,Census Tract 24,Washington,King County,94547,11976,105433,29788,165357,26309,210982,97886,156528,147841,,,88841,15164,,,,,93732,505,,,,,,,,,,,,,,,,,,,79659,115128,36058,62636,,,,,,,,,,,,,84099,16346,135156,122571,163229,155581,,,,,93036,50721,,,178426,25000,105396,2722,,,83934,610,,,,,,,,,,,,,,,,,36458,6448,,,,,,,,,,,,,81.7,72.9754002581298,77.4,64.4156669980831,,,,,104.7,54.22157742148,,,,,112.4,2.84013123759413,,,,,,,,,,,,,,,,,,,,,101.1,176.544012095463,,,,,,,,,,,,,,
53033002500,984334,0,Census Tract 25,Washington,King County,86042,10767,112386,35167,142778,49875,209167,146480,123036,48646,103750,71633,146250,42401,,,250001,,83889,36621,,,,,,,,,,,,,,,,,,,40700,86750,48953,6143,,,,,,,,,,,,,75530,18517,76818,107930,54757,79902,29773,112400,,,,,92875,30895,106125,82981,43182,36315,82050,156292,59816,44256,,,,,,,,,,,,,,,,,158864,134623,,,,,,,,,,,,,53.8,73.2192746353447,26.2,33.5134535666484,24.2,90.8529840807526,,,,,,,42.4,,51.5,37.0002768523922,,,,,,,,,,,,,,,,,,,,,324.5,271.972621835564,,,,,,,,,,,,,,
53033002600,1216627,28175,Census Tract 26,Washington,King County,76436,10559,75571,19546,138846,176295,84722,74295,111042,77107,106806,76569,31707,89694,,,111538,237222,53750,55359,36583,21176,,,,,,,,,,,,,,,,,51543,9448,95556,93187,,,,,,,,,,,,,78846,13556,111964,214058,75729,44185,128173,79123,,,66875,132478,,,109271,112375,83017,2697,85132,80354,73529,8699,,,,,,,,,,,,,,,61250,60182,41356,729,,,,,,,,,,,,,80.6,115.259559358894,89.4,94.149005067727,115.4,107.245809786018,,,210.9,728.395326413239,,,98,231.440059970029,154.5,159.152799096885,232.7,173.49490010174,,,,,,,,,,,,,,,,,118.8,114.710945015926,43.3,42.2132577640178,,,,,,,,,,,,,,
53033002700,1584847,0,Census Tract 27,Washington,King County,109917,26520,130625,14234,198145,69361,128713,38148,213317,77817,152632,88042,,,,,,,128750,116414,,,142708,,112775,,,,,,,,,,,,,,103654,194618,,,,,51181,506,,,,,,,,,92305,10739,123068,47281,109773,148844,,,,,94688,111313,,,,,73315,11529,,,176172,98246,,,,,,,,,,,,,,,68882,38881,60313,37842,,,,,,,,,,,,,62.1,9.83276232428705,85.3,112.843889378541,,,,,,,,,,,56.9,52.2605823763504,,,123.4,119.401172246945,,,,,,,,,,,,,,,66.5,130.288307162152,,,,,,,,,,,,,,,,
53033002800,988287,0,Census Tract 28,Washington,King County,96578,8497,116435,27650,139048,44210,,,128939,20735,125481,55049,,,,,,,,,152083,67581,77670,,16632,,,,,,,,,,,,,,104185,136565,,,,,125509,107825,,,,,,,,,85298,29371,102132,68438,93542,42092,,,250001,,,,,,,,95587,14802,121607,55225,66875,37230,,,,,,,,,,,,,,,,,50167,12297,,,,,,,,,,,,,73.5,43.3257348537347,,,,,199.2,,,,,,,,,,80,7.48700369201002,86.1,44.2457437288333,,,,,,,,,,,,,,,,,,,,,,,,,,,,,,,,
53033002900,986209,0,Census Tract 29,Washington,King County,97500,11551,101806,15345,148088,49557,55625,7393,122500,70124,95833,58339,,,,,,,63000,60899,106635,243850,,,,,,,,,,,,,,,,,148056,138039,35227,59128,,,75732,45060,,,,,,,,,83906,25114,163359,62703,99077,9780,,,,,81184,95025,,,,,80644,18350,,,111696,28241,,,,,,,,,,,,,,,64833,86015,62931,7966,,,,,,,,,,,,,110.3,20.7381138374791,178.1,29.4879463519904,,,,,,,,,,,128,127.11937314054,,,,,,,,,,,,,,,,,,,43.8,41.3321140453025,178.6,300.703175923611,,,,,,,,,,,,,,
53033003000,1493249,0,Census Tract 30,Washington,King County,99438,11806,106216,16350,156071,57342,133083,110818,131250,48190,97159,112487,,,,,,,98958,18967,75670,20046,200972,,164360,,,,,,,,,,,,,,86750,115901,,,,,54219,35714,,,,,,,,,94135,12663,181505,29452,93571,20524,,,,,,,,,33816,62542,81591,62198,41967,80817,95221,20253,,,,,,,,,,,,,,,51500,84244,58125,55432,,,,,,,,,,,,,116.3,46.7100643563935,70.3,60.5443292275141,,,,,,,,,,,82.5,60.8338410291936,55.5,105.786503866011,47.4,40.0377640214985,,,,,,,,,,,,,,,59.4,56.033205989101,,,,,,,,,,,,,,,,
53033003100,2236733,472744,Census Tract 31,Washington,King County,105122,17149,123056,29399,226750,85382,129659,30359,152569,50045,85167,8236,,,,,138406,77793,,,,,,,,,,,,,,,,,,,,,91667,41632,,,,,55893,12794,,,,,70813,24508,,,90875,21166,124632,58551,98056,33805,84118,26198,,,,,51974,75499,112130,86413,80902,24630,77868,46295,76667,340655,,,,,,,,,,,,,,,187083,16247,77917,27246,,,,,,,,,,,,,55,15.4406329561581,75.6,19.1365432494351,55.1,24.9382582021549,,,,,,,81,42.7147942910946,,,,,,,,,,,,,,,,,,,,,204.1,94.3699109112959,,,,,,,,,,,,,,,,
53033003400,787161,0,Census Tract 34,Washington,King County,110351,13055,126607,27813,179821,86601,85333,39407,130556,108402,156375,31598,,,,,,,,,120833,171861,250001,,,,,,,,,,,,,,,,240842,131984,105125,135993,,,,,,,,,,,,,97220,10844,96964,27039,105652,57373,138125,34552,,,,,,,101250,59428,47917,18924,,,81875,32877,,,,,,,,,,,,,,,133810,71542,63594,26721,,,,,,,,,,,,,53.9,30.0080118934823,123.8,35.373709521433,105.8,91.7448330056603,,,,,,,,,,,,,32.7,,,,,,,,,,,,,,,,55.6,42.5371344942268,60.5,82.2810893141386,,,,,,,,,,,,,,
53033003500,1284745,0,Census Tract 35,Washington,King County,89971,9659,97188,19517,125341,23295,127292,63323,174122,25071,105750,66518,97344,106710,,,,,54875,34223,92625,7842,87969,,16676,,,,,,,,,,,,,,50556,26231,,,,,,,,,55543,15913,,,,,79375,20907,136346,4214,126528,58061,109545,34816,,,,,,,,,68214,17875,64250,22990,110500,5413,,,,,,,,,,,,,48922,4271,38571,33846,43750,10312,,,,,,,,,,,,,108.8,20.49473753302,99.4,67.2723456720014,62.9,17.8255545006447,,,,,,,,,124.3,84.0905108356654,69.4,24.1157281490009,125.6,24.5941422260085,,,,,,,,,,,,,,,76.3,53.9907732307519,,,,,,,,,,,,,,,,
53033003800,624606,0,Census Tract 38,Washington,King County,118529,37782,147059,60980,106806,87333,78750,85052,188192,7437,175104,62448,110179,8937,,,250001,,88750,60197,153571,136879,145536,,158465,,,,,,,,,,,,,,64500,16943,42100,4670,,,,,,,,,,,,,105625,18466,110893,89525,49792,50998,135795,147263,,,175250,79391,,,,,51964,24348,,,70208,90022,,,,,,,,,,,,,,,40769,1268,44167,126626,,,,,,,,,,,,,103.8,119.303346459552,63.2,94.1116139633177,72.2,78.1994932913774,,,159.1,70.8919191198765,,,,,58.6,48.2682602113263,,,48.2,32.6658843892223,,,,,,,,,,,,,,,63.2,16.7195270395122,104.9,300.549134020603,,,,,,,,,,,,,,
53033003900,973808,0,Census Tract 39,Washington,King County,117837,24866,122054,45150,157273,42499,88875,175365,119271,59555,,,,,,,,,98906,164463,,,250001,,,,,,,,,,,,,,,,158056,97273,,,,,,,,,,,,,,,106042,32625,164188,39341,178000,194428,,,,,,,,,,,,,,,93900,25934,,,,,,,,,,,,,,,,,48571,46254,,,,,,,,,,,,,104.4,37.7035733357345,200.3,451.698948437271,,,,,,,,,,,,,,,37.6,,,,,,,,,,,,,,,,,,,,,,,,,,,,,,,,,
53033004000,2574586,3232248,Census Tract 40,Washington,King County,148209,41094,161146,61247,250001,,250001,,147969,36638,,,,,,,,,34659,49437,,,250001,,,,,,,,,,,,,,,,106838,120969,,,,,,,,,,,,,,,104625,45447,60197,6364,,,86750,149374,,,,,98438,23233,250001,,73542,50429,,,153654,160928,,,,,,,,,,,,,,,227750,364660,,,,,,,,,,,,,,,24.1,,,,58.6,99.9003481214918,,,,,,,,,212.2,335.817882557135,,,61.5,,,,,,,,,,,,,,,,213.2,241.331369948995,,,,,,,,,,,,,,,,
53033004301,979236,0,Census Tract 43.01,Washington,King County,104650,17314,151719,59375,159803,68496,232083,123285,250001,,150156,71743,,,,,,,103056,143450,,,250001,,,,,,,,,,,,,,,,97625,146903,,,,,,,,,,,,,,,93807,6923,113077,31821,85625,38877,94214,33183,,,99167,81302,89063,37978,,,113472,71599,,,68304,12380,,,,,,,,,,,,,,,,,44167,32899,,,,,,,,,,,,,70.8,36.2823711986301,36.9,25.7819853739459,37.7,,,,,,,,,,110.1,168.276612063862,,,27.3,,,,,,,,,,,,,,,,,,,,,,,,,,,,,,,,,
53033004302,331137,0,Census Tract 43.02,Washington,King County,40243,7940,47995,4900,,,,,90000,46647,79625,59761,,,,,,,19545,55432,,,,,,,,,,,,,,,,,,,,,,,,,39107,15488,,,,,,,,,34091,17643,44500,55317,,,,,,,,,,,,,20887,9281,,,58646,24317,,,,,,,,,22375,35530,,,,,21574,1203,40900,33274,,,,,,,,,,,,,,,,,,,,,,,,,,,106.9,306.782851373728,,,,,,,,,,,,,,,,,,,,,,,,,,,,,,,,,,,,
53033004500,670997,0,Census Tract 45,Washington,King County,77260,23145,95596,38674,160694,79270,,,193427,10374,79722,120653,,,,,159531,82121,48750,22771,120125,29187,66406,,20535,,,,,,,,,,,,,,75556,74749,,,,,,,,,,,,,,,58906,17539,114250,63725,91389,24005,133889,51720,,,66250,28162,,,,,38906,96207,73750,240160,83906,66219,,,,,,,,,,,,,,,32778,50588,,,,,,,,,,,,,,,71.1,18.507643736476,,,69.2,26.4797989179961,,,,,,,,,79.8,193.794949848756,61.4,199.367792461952,126.4,91.7446761009236,,,,,,,,,,,,,,,43.4,51.389070436038,,,,,,,,,,,,,,,,
53033004600,1552358,1033232,Census Tract 46,Washington,King County,90313,28385,131771,31844,168906,63652,113875,65650,190292,84296,79432,49752,,,,,177656,35183,68459,12096,63958,311286,,,,,,,,,,,,,,,,,131607,204660,,,,,,,77841,92220,,,,,,,67366,12378,91667,63120,84297,22664,124444,29793,,,,,,,,,66518,19698,188750,166521,79545,56127,,,,,,,,,,,,,,,61136,86994,35000,17984,,,,,,,,,,,,,54.3,31.2766149741461,74,47.0893282360607,65.4,32.9295072364319,,,,,,,,,97.2,23.0904663235189,295.1,1459.74503241137,,,,,,,,,,,,,,,,,46.5,97.9176597494559,,,,,,,,,,,,,,,,
53033004800,1278329,26886,Census Tract 48,Washington,King County,98462,35948,119297,41861,168504,15756,84286,221544,135132,36094,168618,60483,,,,,,,61094,18571,62286,82389,115956,,123624,,,,,,,,44063,18712,,,,,,,,,,,,,,,,,,,,,78006,36883,69750,64070,151250,150083,29335,104372,,,99615,46676,,,,,42743,9530,250001,,101563,32397,,,,,,,,,,,,,,,250001,,,,,,,,,,,,,,,,41.4,37.8253238108923,179.4,504.168378888801,21.7,77.0191169193939,,,,,,,,,70,26.3743247081908,401.4,,87.6,97.4696569754901,,,,,,,,,,,,,,,,,,,,,,,,,,,,,,,,
53033005000,757380,0,Census Tract 50,Washington,King County,83311,11212,130437,19035,193822,39145,,,160473,14835,110972,21074,176333,86856,,,,,,,43828,83434,,,,,,,,,,,,,,,,,130959,6859,,,,,,,,,,,,,,,68400,10997,82938,4902,83750,13872,64612,87455,,,,,,,,,56333,34371,47438,247966,77353,11616,,,,,,,,,,,,,,,53806,17974,41974,22404,,,,,,,,,,,,,42.8,9.00465916470419,,,40.3,54.3710055741652,,,,,,,,,,,108.2,526.916688514866,,,,,,,,,,,,,,,,,41.1,13.555161587754,,,,,,,,,,,,,,,,
53033005100,881731,0,Census Tract 51,Washington,King County,104632,17446,108828,6086,109524,28261,132188,97998,185278,85648,100682,38774,117639,40798,,,,,129167,159151,,,109167,73864,115612,121896,,,,,,,,,,,,,202841,270591,33500,42564,,,,,,,,,,,,,90417,20865,111111,74514,131406,64990,136458,1740,128393,31607,57841,27876,69297,61548,,,103906,49177,81111,73552,78478,160882,,,,,,,,,,,,,,,116250,77570,57083,108210,,,,,,,,,,,,,101.4,62.7966991333658,99.4,88.5911466932131,73.7,34.0591400942709,127.5,58.2872116680616,49.2,16.4543221095739,,,,,80.4,106.17735185851,,,71.9,126.184438905086,,,,,,,,,,,,,,,57.3,85.4839309916915,170.4,239.72071892203,,,,,,,,,,,,,,
53033005600,3022785,1546484,Census Tract 56,Washington,King County,129583,38597,140742,26122,250001,,111579,104300,250001,,152188,20659,,,,,227788,72444,64167,31064,140352,20710,84615,,300704,,,,,,,,,,,,,,137372,131374,,,,,,,,,,,,,,,94400,35819,188403,95433,77467,102096,,,,,147237,6468,,,72448,201263,,,84449,44161,105313,69905,,,,,,,,,,,,,,,221250,181558,78042,15332,,,,,,,,,,,,,75.4,,69.4,64.5027573182151,,,,,,,,,31.8,87.7745008886855,,,60.2,30.1858464996565,124.5,449.959085417691,,,,,,,,,,,,,,,161.1,202.957867016343,,,,,,,,,,,,,,,,
53033005700,5085640,2365806,Census Tract 57,Washington,King County,117426,40322,162571,51672,150662,65401,102589,73507,188750,66418,134265,64430,188720,433,,,,,,,69167,74412,,,,,44826,,40939,,,,,,,,,,66324,195449,,,,,53875,15792,,,52625,50753,,,,,81792,15001,102740,8000,90658,37106,74875,193977,,,141544,238883,,,,,63365,55151,,,145430,70182,,,,,,,,,,,,,,,131563,193191,39464,18726,,,,,,,,,,,,,68.2,30.0741587984433,88.4,72.9213180381634,39.7,101.81686752286,,,75,126.580531605757,,,,,,,,,,,,,,,,,,,,,,,,,198.4,653.109027376639,,,,,,,,,,,,,,,,
53033005801,1822365,260223,Census Tract 58.01,Washington,King County,96044,9222,93840,11810,77083,34735,100964,29572,141748,32896,77708,36704,,,84167,20639,,,,,95605,94520,73274,,39490,,,,,,,,,,,,,,57131,45959,75918,4106,,,,,,,,,,,,,100080,12747,101259,972,79311,14142,130160,31243,,,96779,752,,,,,72762,63096,70208,44488,110744,2810,,,,,,,,,,,,,,,,,61250,40030,,,,,,,,,,,,,131.4,59.2082514116011,78.6,26.9363808266569,91.8,5.62962943666879,,,,,,,,,,,73.4,86.2345364466947,151.1,81.5433119577633,,,,,,,,,,,,,,,,,80.7,52.5470819906598,,,,,,,,,,,,,,
53033006000,1340653,160754,Census Tract 60,Washington,King County,85492,16808,87132,17588,205208,74368,59750,95177,170050,27862,74556,123717,64844,111292,,,,,36653,33801,,,,,,,,,,,,,,,,,,,86434,16730,61815,77255,,,,,,,,,,,,,67045,39286,142000,55556,96641,19971,111343,112650,130729,132361,54167,151142,,,143750,1054,,,70139,99846,62372,90038,,,,,,,,,,,,,38156,11611,,,51818,4100,,,,,,,,,,,,,69.2,10.2011079386138,161.7,259.801599214461,65.5,65.3707715517716,175.3,340.846816065299,83.5,183.776604789581,,,,,,,,,,,,,,,,,,,,,,,,,,,83.8,104.975538101514,,,,,,,,,,,,,,
53033006100,1227451,652743,Census Tract 61,Washington,King County,102275,23643,115266,25767,142165,40033,163203,132896,141198,21201,,,74135,312104,,,111402,26072,,,223191,198268,39375,,58500,,,,,,,,,,,,,,73984,85500,,,,,,,,,73650,33789,,,,,84722,33214,141875,43998,121270,56289,116184,32800,,,,,,,114241,23767,56708,9913,56711,327001,68648,5570,,,,,,,,,,,,,,,49766,136877,43929,5575,,,,,,,,,,,,,99.8,12.9647589679121,74.3,69.6471562857939,82.3,19.6716843605253,,,,,,,102.5,32.1116222902057,,,25.4,144.762566272004,174.3,259.41154753492,,,,,,,,,,,,,,,67.3,167.88503817079,,,,,,,,,,,,,,,,
53033006200,2437426,239356,Census Tract 62,Washington,King County,112161,28652,138580,83195,199531,93056,74570,22133,238207,83068,107222,162192,99531,155364,,,246250,54758,,,,,250001,,,,,,,,,,,,,,,,233750,193646,54861,327937,,,,,,,,,,,,,99100,29288,113750,46802,101071,158749,,,130278,138727,,,76250,26030,161136,43370,80000,30709,42500,59988,182656,125172,,,,,,,,,,,,,,,51344,897,52656,6981,,,,,,,,,,,,,57,35.455200426145,135.5,209.050305181888,,,121.5,224.767433704613,,,,,65.4,9.92282288871917,,,,,73.1,,,,,,,,,,,,,,,,22,18.2008445540444,96,573.875436185191,,,,,,,,,,,,,,
53033006300,2610569,3533560,Census Tract 63,Washington,King County,106276,29502,136719,81237,200917,63407,72400,57371,245927,72495,,,,,,,250001,,,,,,,,,,,,,,,,,,,,,,197212,193203,,,,,,,,,,,,,,,97500,21243,122614,128693,130804,157793,,,,,97188,65119,,,135714,35818,,,,,107237,159240,,,,,,,,,,,,,,,73553,98693,,,,,,,,,,,,,,,61,61.0887635373025,180.7,164.330006223345,,,,,,,,,54.3,,,,,,,,,,,,,,,,,,,,,,37.3,34.1960629372362,,,,,,,,,,,,,,,,
53033006400,903649,0,Census Tract 64,Washington,King County,123472,32573,150341,44704,250001,,127750,49492,195865,34452,,,,,,,250001,,126094,165258,,,250001,,,,,,,,,,,,,,,,109792,88276,,,,,,,,,,,,,,,105269,27152,106029,12957,74038,6494,183565,90150,,,117500,73055,,,,,109375,223860,,,91597,225757,,,,,,,,,,,,,,,250001,,54091,13648,,,,,,,,,,,,,42.4,,58,23.0209187931815,93.7,42.9731376667046,,,,,,,,,86.7,136.362757978381,,,36.6,,,,,,,,,,,,,,,,227.7,,,,,,,,,,,,,,,,,
53033006500,1147619,0,Census Tract 65,Washington,King County,105183,24034,148796,18794,167719,34503,64364,4796,160213,6182,105833,48960,,,,,,,61607,98800,,,218750,,242012,,,,,,,,,,,,,,109167,70962,93750,144421,,,,,,,,,,,,,91607,12451,168750,52473,90458,31815,113068,37026,110804,69544,73167,42733,,,91250,61911,66833,23092,82031,9444,101122,15860,,,,,,,,,,,,,,,46200,116631,,,,,,,,,,,,,,,100.6,23.460765616722,140.5,48.3077384929891,70.6,22.9494853211809,104.7,44.4077286073986,,,,,,,108.5,177.967377824647,,,46.2,51.654388387666,,,,,,,,,,,,,,,42.3,103.234747392015,,,,,,,,,,,,,,,,
53033006600,1117109,831139,Census Tract 66,Washington,King County,88026,16108,120326,33412,89944,227514,104706,70299,144706,44155,100441,68431,66283,14636,,,,,,,,,,,,,,,,,,,,,,,,,165495,36320,,,,,,,,,,,,,41319,22312,71891,10670,115625,105024,71250,19906,,,,,,,,,,,71094,27981,65938,16154,65500,8054,,,,,,,,,,,,,,,82132,120952,105833,63957,,,,,,,,,,,,,128.6,345.502911860202,68,49.4844983035407,,,,,,,,,,,,,,,,,,,,,,,,,,,,,,,49.6,72.2688742789622,,,,,,,,,,,,,,,,
53033006800,718106,0,Census Tract 68,Washington,King County,93397,7012,101806,25588,201477,87049,151500,45925,141944,108832,64560,34314,,,,,,,,,,,,,,,,,,,,,,,,,,,102969,176260,,,,,,,,,,,,,,,92556,8466,86875,13883,99688,109639,115139,64906,110507,14381,,,,,95375,26754,,,73229,8006,137500,164204,,,,,,,,,,,,,,,93594,265675,85455,53173,,,,,,,,,,,,,43.1,19.8632608229038,65.8,69.5658379276725,81.1,77.1941870395548,171.2,93.6648421503046,,,,,,,,,,,,,,,,,,,,,,,,,,,90.9,205.821444454326,,,,,,,,,,,,,,,,
53033006900,905121,0,Census Tract 69,Washington,King County,101174,17389,117481,16958,157599,36210,116101,11884,135769,61190,,,56471,779,,,80694,77768,,,,,,,,,,,,,,,,,,,,,151932,134257,,,,,,,,,,,,,,,83676,28308,163371,96168,69821,77851,,,,,,,21875,43191,,,84632,383606,97966,13097,,,,,,,,,,,,,,,52813,6331,126932,72589,61797,20224,,,,,,,,,,,,,103.7,56.1805167501199,60.1,66.7713994962745,,,,,,,,,,,,,,,,,,,,,,,,,,,,,,,83.5,87.9372137636268,,,,,,,,,,,,,,,,
53033007600,571882,0,Census Tract 76,Washington,King County,79013,14997,102750,28448,88365,165266,250001,,140061,39585,110875,34489,,,,,,,60909,14927,116354,29985,61000,,35366,,,,,,,,42143,4284,,,,,134342,59716,,,,,,,,,,,,,,,67380,8705,120132,81053,115938,14192,21890,38294,,,,,65489,12093,,,,,70610,9157,66899,39545,,,,,,,,,,,,,,,48639,20268,61656,8839,,,,,,,,,,,,,135.9,270.301206750904,46.4,,15.6,26.9817723217345,,,,,,,,,,,60.7,17.507509544121,109.7,12.6397694077304,,,,,,,,,,,,,,,36.2,22.0593695020776,,,,,,,,,,,,,,,,
53033007700,1058322,0,Census Tract 77,Washington,King County,96641,19473,121400,26905,168640,40045,84943,30849,167713,7094,,,140893,72793,,,,,,,,,79321,,113958,,,,,,,,,,,,,,134803,48222,,,,,83965,13325,,,,,,,,,69315,19024,145921,58082,112578,54782,125208,20873,,,94100,54171,,,,,54979,17043,,,69455,144351,,,,,,,,,,,,,,,32432,39310,52313,27409,,,,,,,,,,,,,86.5,27.6412480823852,132.5,42.9249908522401,74.7,12.038383024103,,,66.8,16.9581245299744,,,,,,,,,87.6,131.502568099251,,,,,,,,,,,,,,,24.1,27.8621352574706,,,,,,,,,,,,,,,,
53033007800,2097740,3632914,Census Tract 78,Washington,King County,125112,46330,127356,61690,195486,98321,77296,64208,186765,62146,,,96125,83844,,,215938,224750,,,,,83162,,99815,,,,,,,,,,,,,,250001,,,,,,,,,,,,,,,,98409,49866,159583,111695,71563,41566,,,,,,,,,186250,106004,147578,168759,,,186667,212347,,,,,,,,,,,,,,,123398,47110,,,,,,,,,,,,,,,81.6,39.7348397783995,92.6,93.8423523959961,,,,,,,,,86.3,102.316801353478,,,,,224.5,371.188498390591,,,,,,,,,,,,,,,49.4,,,,,,,,,,,,,,,,,
53033008002,234314,0,Census Tract 80.02,Washington,King County,87825,27437,90714,51371,111985,117632,126648,4177,139559,21945,74305,40926,,,,,,,,,65461,2825,,,,,,,,,,,,,,,,,117930,56421,,,,,,,,,,,,,,,81528,20271,88507,27115,97386,56077,157778,46058,,,,,,,,,,,,,,,,,,,,,,,,,,,,,,,31989,25277,,,,,,,,,,,,,79,86.4789797835663,76.9,44.2051519173338,113.1,27.8052832398169,,,,,,,,,,,,,,,,,,,,,,,,,,,,,,,,,,,,,,,,,,,,,,
53033008200,375785,0,Census Tract 82,Washington,King County,95867,25546,97092,30799,228240,113828,95995,2428,131111,33549,,,,,,,,,,,,,,,,,,,,,,,,,,,,,,,,,,,,,,,,,,,,,78910,63784,126646,31597,,,140508,136203,,,,,,,,,41848,40687,,,239922,108807,,,,,,,,,,,,,,,39767,202887,45556,15134,,,,,,,,,,,,,55.5,30.942649312631,,,107.2,100.199064231795,,,,,,,,,,,,,,,,,,,,,,,,,,,,,,,,,,,,,,,,,,,,,,
53033008300,237955,0,Census Tract 83,Washington,King County,103835,19730,109477,18925,131094,47645,72539,27584,151747,14140,,,,,,,,,,,116450,46785,,,,,,,,,,,,,,,,,69712,31315,,,,,,,,,,,,,,,85549,29272,123011,45880,57303,95219,107417,87301,,,,,,,,,,,,,,,,,,,,,,,,,,,,,,,,,,,,,,,,,,,,,93.8,7.86219615210088,79,127.782551448717,70.8,57.1512508502741,,,,,,,,,,,,,,,,,,,,,,,,,,,,,,,,,,,,,,,,,,,,,,
53033008500,450978,0,Census Tract 85,Washington,King County,62394,12462,62074,10042,78011,114268,54659,69577,105938,45285,73000,48204,,,,,,,58409,36305,,,,,,,,,,,,,34973,13341,,,,,42292,25711,,,,,,,,,,,,,,,71667,25245,,,71181,25135,,,,,,,,,,,,,,,86053,63921,,,,,,,,,,,,,,,,,48073,22864,,,,,,,,,,,,,,,130.2,172.030183738332,,,,,,,,,,,,,,,,,,,,,,,,,,,,,,,,,,,,,,,,,,,,,,,,
53033008600,711350,0,Census Tract 86,Washington,King County,61394,7546,82935,41328,175764,133694,128942,34261,125667,31319,91765,104222,,,,,,,103173,28381,130313,92599,48040,,114479,,,,,,,,57917,44353,,,,,42111,25262,44054,37884,,,,,,,,,,,,,56410,6740,68393,46241,90398,78754,208056,133246,,,,,,,,,51821,11949,250001,,56369,18185,,,,,,,,,,,,,50893,14967,29238,37295,57941,33304,,,,,,,,,,,,,38.9,39.6003542546317,70.1,58.1670044182146,165.6,97.6732338079825,,,,,,,,,50.2,18.0285929383756,191.8,,117.3,282.165472461336,,,,,,,,,,,,,,,69.4,78.1582191875207,131.5,136.041128970512,,,,,,,,,,,,,,
53033008700,732385,0,Census Tract 87,Washington,King County,77883,4919,87292,17734,110375,52249,94615,36730,172143,52971,103750,134679,,,,,250001,,,,78571,32438,74595,,141947,,,,,,,,46110,401,,,,,102813,89296,,,,,,,,,,,,,,,72616,13882,102569,35444,74360,13847,,,,,126250,55336,62557,5748,,,78271,7547,62500,45940,122083,27052,,,,,,,,,27976,19461,,,,,40938,56413,33088,15541,,,,,,,,,,,,,92.9,54.4638527008973,78.6,33.8384126853617,,,,,,,,,,,,,79.5,48.3753513001717,163.7,313.535468415451,,,,,,,,,60.7,42.2022969678219,,,,,39.8,42.59907201472,,,,,,,,,,,,,,,,
53033008800,948581,0,Census Tract 88,Washington,King County,85497,8204,93173,22040,119274,79267,106250,38538,172679,26739,94038,57005,,,,,157125,273082,,,61731,7637,250001,,,,,,,,,,40333,17818,,,,,80536,36143,81250,79628,,,,,,,,,,,,,75865,18648,155125,82904,93750,29357,97857,102299,,,49028,37560,44954,46728,164091,154006,100781,75478,,,63523,60536,,,,,,,,,,,,,,,60563,20172,45278,23148,,,,,,,,,,,,,130.1,110.91446066697,88.2,42.2808638025638,56.7,58.5887775531476,,,,,,,104.4,206.278437244754,,,,,25.4,,,,,,,,,,,,,,,,75.2,42.02745403881,55.7,61.5986376833847,,,,,,,,,,,,,,
53033008900,1270033,1798066,Census Tract 89,Washington,King County,82596,24242,102647,24645,121638,69126,78170,15650,167177,25884,86992,21746,,,,,157813,128506,,,99792,422140,146136,,52231,,,,,,,,44357,23718,,,,,70851,20356,29342,16923,,,,,,,,,,,,,63576,11999,140991,42589,100750,37089,,,,,,,,,,,,,106667,107563,98346,41192,,,,,,,,,16833,68376,,,,,36250,6707,29612,15242,,,,,,,,,,,,,115.9,74.5982084402316,128.9,39.8165375367608,,,,,,,,,,,,,106.9,464.832833931164,67.3,14.6963073017471,,,,,,,,,37.9,152.807906041174,,,,,51.2,17.4840749854352,100.9,78.0147067792107,,,,,,,,,,,,,,
53033009000,855872,0,Census Tract 90,Washington,King County,83092,23289,73947,33778,74250,208658,66250,71035,146250,74341,,,,,92974,3000,,,,,,,,,,,,,,,,,,,,,,,57969,20154,63696,19822,,,,,,,,,,,,,84211,20497,125926,49233,95721,26117,,,,,,,51250,48223,113036,109177,108182,29021,,,73854,28961,,,,,,,,,,,,,,,51500,92217,47639,14210,,,,,,,,,,,,,169.6,481.194184591219,144.5,159.857221173578,,,,,,,55.1,51.8366823988605,,,,,,,,,,,,,,,,,,,,,,,88.8,156.052516384146,74.8,32.239905865553,,,,,,,,,,,,,,
53033009100,410621,0,Census Tract 91,Washington,King County,58938,12418,58208,6151,58448,22190,75641,13601,112466,33193,71364,45398,,,,,,,,,59758,87662,,,,,,,,,,,31375,12687,,,,,,,83088,45073,,,,,,,33654,18562,,,,,66509,23015,,,65517,32363,250001,,,,,,,,,,,,,,,,,,,,,,,,,,,,,,,,72250,35090,,,,,,,24155,6692,,,,,,,86.6,39.8496574929339,222.3,,,,,,,,,,,,,,,,,,,,,,,,,,,,,,,,87,63.3142952473428,,,,,,,71.8,44.300952131497,,,,,,
53033009200,338451,154864,Census Tract 92,Washington,King County,54698,22481,65144,23379,150393,77039,,,44439,169505,,,,,,,,,,,,,,,,,,,,,,,32277,17442,,,,,,,,,,,,,,,,,67864,32360,,,43125,14790,87375,40174,54483,55347,,,,,,,,,,,41213,5783,,,,,,,,,,,,,,,,,,,,,,,,,,,,,,,,,,,58.1,39.990801652384,,,,,,,,,,,,,,,,,,,,,,,,,,,,,,,,,,,,,,,,,,,,,,,,,,
53033009300,9444110,639051,Census Tract 93,Washington,King County,83879,11340,81212,10135,76197,9042,,,137031,50469,141071,104332,,,,,118409,192230,,,53854,163312,82639,,22364,,,,,,,,,,,,,,39853,12729,93750,79465,,,,,,,,,,,,,93333,21934,112039,79358,104375,28854,,,,,,,,,,,,,96786,57917,120991,41401,,,,,,,,,,,,,,,34167,84990,58839,7840,,,,,,,,,,,,,147,102.676439201191,,,,,,,,,,,,,,,179.7,555.507297707853,146.4,30.6593798504941,,,,,,,,,,,,,,,85.7,211.493409152408,62.8,53.85169053728,,,,,,,,,,,,,,
53033009400,1686311,0,Census Tract 94,Washington,King County,73889,16007,75094,23481,150156,92381,49755,107481,113843,14302,146964,26859,,,,,,,82609,26446,58015,58404,,,,,,,,,,,27188,24134,,,,,175515,259385,37269,5029,,,127949,63717,,,,,46310,932,,,72869,23328,96296,9693,95699,4428,166287,84662,,,,,,,,,,,,,72100,42538,,,,,,,,,31538,2002,,,,,27972,9195,43125,10188,,,,,,,,,,,,,64.1,39.9799034475654,192.3,415.59014293412,146.1,72.0677979871277,,,,,,,,,,,,,,,,,,,,,,,116,103.232532884866,,,,,15.9,24.1282692414312,115.7,22.4383626580121,,,,,,,,,,,,,,
53033009500,2597717,2916270,Census Tract 95,Washington,King County,91397,24684,114554,25176,131406,28076,112500,42382,140223,28069,105104,111091,,,,,,,34531,11396,196207,20228,,,,,,,,,,,,,,,,,67411,178299,,,,,,,,,49135,62343,130491,125059,,,65893,25287,141103,38906,119375,87740,132857,101065,,,,,71382,43633,,,51700,14696,,,,,,,,,,,,,33125,12933,,,,,,,44926,19658,,,,,,,,,,,,,107.4,18.7147932198444,106.1,66.9671793819038,94.7,69.5343545781166,,,,,,,,,149.7,65.2128443744719,,,,,,,,,,,,,,,,,,,,,,,,,,,,,,,,,,,,
53033009600,1906922,1385222,Census Tract 96,Washington,King County,113234,9315,117841,28352,155833,49991,113918,10003,207667,140732,110568,45184,,,,,,,,,98833,132959,250001,,,,,,,,,,,,,,,,56691,160190,206150,87217,,,83264,31316,,,,,,,,,79321,37291,116806,42533,74375,26855,,,,,131184,87326,,,,,73744,411,,,143257,91918,,,,,,,,,,,,,,,250001,,46941,20288,,,,,,,,,,,,,75,12.9136689725683,65.3,22.8662720157061,,,,,,,,,,,,,,,57.3,,,,,,,,,,,,,,,,441,,22.8,2.0117745883517,,,,,,,,,,,,,,
53033009701,1861358,1607123,Census Tract 97.01,Washington,King County,92500,11316,94886,23231,110647,29459,85577,32383,135945,110903,,,,,,,,,76888,25673,91766,2637,,,,,,,,,,,,,,,,,213368,34828,,,,,64342,56709,,,,,74286,43896,,,81900,20402,113750,48748,147850,66724,54118,31321,,,,,,,,,,,,,124688,38466,,,45333,20918,,,,,,,,,,,,,44328,5837,,,,,,,,,,,,,102.8,34.5234629659692,172.8,42.4866089825903,39.8,39.8181890300485,,,,,,,,,,,,,,,,,,,,,,,,,,,,,,,,,,,,,,,,,,,,,,
53033009702,2220441,0,Census Tract 97.02,Washington,King County,111087,7172,110202,9815,183125,46345,89750,14544,136912,33030,113750,36864,,,,,,,,,62891,88045,,,,,,,,,,,,,,,,,108018,35644,,,,,129231,104487,,,26328,24306,,,,,112772,9050,128221,10304,119821,33558,138583,99005,,,,,,,117167,298287,,,108583,210101,,,,,,,,,,,,,,,,,,,,,,,,,,,,,39609,14148,,,70,18.5920202497498,133.5,30.4958664423571,101.2,68.0649911579092,,,,,,,,,,,172.7,230.611165766722,,,,,,,,,,,,,,,,,,,,,,,,,,,,,,,,,,
53033009900,6565170,2370735,Census Tract 99,Washington,King County,74512,6653,83953,29928,52824,63257,79550,75817,127545,30804,108750,97098,,,,,132891,95480,,,74176,65751,,,,,,,,,,,,,,,,,74423,55015,68929,46255,,,60481,10877,,,69813,129536,,,,,69970,9874,72083,10781,88750,20032,82457,82116,,,,,,,66458,11688,43500,13238,,,86210,2092,,,,,,,,,,,,,,,83125,39395,22308,19317,,,,,,,,,,,,,136.5,164.679680620658,111.6,109.270858378426,64.6,62.4599864697831,,,,,,,50,36.9917202329151,,,,,,,,,,,,,,,,,,,,,111.7,98.0767774526953,32.4,17.7118647564745,,,,,,,,,,,,,,
53033010001,2327512,0,Census Tract 100.01,Washington,King County,63681,18042,73929,7258,111429,101246,,,75714,54291,117222,116085,,,,,,,,,64659,98235,,,,,,,,,,,38958,3349,,,,,69375,47513,67195,11399,,,,,,,,,,,,,41125,8542,74875,54344,103875,52075,,,,,,,,,,,64107,47008,,,85341,35186,,,34438,11810,,,,,,,,,,,,,22375,34969,,,,,,,,,,,,,67.2,78.1420583046819,,,,,,,,,,,,,,,,,,,,,,,,,,,,,,,,,,,33.3,51.7335919758332,,,,,,,,,,,,,,
53033010002,948077,0,Census Tract 100.02,Washington,King County,66277,12658,64958,15885,148409,166018,126250,41382,152273,71515,63750,25883,55125,71274,,,,,100000,69063,46648,12530,198295,,90304,,,,,,,,30865,14064,42396,30079,,,66146,37688,66023,39587,,,,,,,,,,,,,68250,16666,85833,4627,,,102813,29729,,,81932,18796,68750,23895,88989,643,64750,26946,,,,,,,47991,32361,,,,,,,,,26213,1844,44844,184688,19688,70376,,,,,,,,,,,,,57.8,64.7727995315934,,,67.5,37.2384898950878,,,148.6,195.172334010821,,,,,64.8,52.2093152618913,,,,,,,,,,,,,,,,,,,67.8,276.527748077849,29.8,105.082883214331,,,,,,,,,,,,,,
53033010200,2795533,2076618,Census Tract 102,Washington,King County,90060,8593,95917,12525,143750,47591,103580,40815,207833,161590,74844,71521,68393,20335,,,101490,37737,,,77222,91748,94453,,273478,,,,,,,,36121,962,,,,,94125,17017,55848,40203,,,,,,,,,,,,,83615,11492,146389,85099,137500,6890,,,,,72159,30236,,,59271,18807,81250,36353,198226,105200,91389,63328,,,,,,,,,,,,,,,179125,42626,80156,76867,,,,,,,28606,12108,,,,,101.8,48.6609258475577,132.7,52.7295603958368,,,,,105.5,31.1510987252893,,,58.4,28.5471931902533,,,256.7,334.025739790198,96.8,288.057690768587,,,,,,,,,,,,,,,190.3,29.4470570704273,143.5,90.9336145037378,,,,,,,,,,,,,,
53033010401,1629874,0,Census Tract 104.01,Washington,King County,54154,18099,52902,24223,105156,68351,66250,98549,158625,32661,82125,112808,,,,,,,,,98750,67165,,,,,,,,,,,,,,,54605,28638,,,,,,,,,,,38304,57422,36708,8797,,,56250,19390,69904,24018,98750,20377,250001,,,,,,,,,,27332,17622,,,91174,1167,,,,,,,,,38750,3827,,,43625,14811,24821,43091,52708,32251,,,,,,,,,,,,,66.5,48.8747237709455,149.1,223.849659105158,157.6,,,,,,,,,,,,,,,,,,,,,,,,,,,,79.9,49.9130199960083,,,,,,,,,,,,,,,,,,
53033010402,1742875,0,Census Tract 104.02,Washington,King County,55400,7733,50343,10685,160268,142294,196023,34460,94306,33296,136250,58476,,,,,,,44773,81027,54107,72234,110139,,30575,,,,,,,,36739,18905,,,,,43625,49917,47260,39612,,,51667,25508,47000,13502,40875,24118,,,33565,1335,60363,3900,166607,122116,65417,22590,,,,,,,,,,,56786,5001,41688,19881,64844,43977,,,,,,,,,,,53942,19932,43450,31361,34917,60790,64688,5507,,,,,,,60712,21613,,,,,104,119.684337062916,33.4,9.91909120704245,,,,,,,,,,,126.8,229.801188587166,77,109.225713404374,58.9,36.4304125318328,,,,,,,,,,,,,,,80,105.024147906245,136.9,115.316566254899,,,,,,,148.5,102.355024086762,,,,,,
53033010701,1457384,3664,Census Tract 107.01,Washington,King County,74069,5890,86289,14544,131850,29312,130433,40981,122321,42943,89531,28561,,,,,,,,,24700,82438,110370,,74440,,,50994,,1585,,,44706,7715,,,,,63625,35299,43846,154404,,,95833,55146,,,,,,,,,65554,8176,121406,52825,59554,10453,,,,,,,,,,,,,49583,68481,86667,56863,,,31736,7659,,,,,,,,,,,59375,15950,65625,12977,,,,,,,,,,,,,92.1,34.4401825684776,45.7,16.4323300615824,,,,,,,,,,,,,200.7,725.086636534359,78.5,73.8866505497701,,,,,,,,,,,,,,,93.3,57.523682545143,149.7,527.899849135905,,,,,,,,,,,,,,
53033010702,780116,0,Census Tract 107.02,Washington,King County,102188,23767,106366,29964,106314,37157,130795,29696,129184,9466,,,,,,,124375,75502,,,,,,,,,,,,,,,,,,,,,119375,38520,,,,,,,,,43266,2929,2499,,,,97000,38300,129167,49815,117639,8433,123036,65185,,,,,,,,,22174,129823,,,136082,6929,,,31250,27140,,,,,,,,,,,69000,20957,46964,80626,,,,,,,,,,,,,121.5,19.8095513837136,89.9,21.4142054922988,95.2,49.974097992218,,,,,,,,,,,,,,,,,,,,,,,,,,,,,57.8,25.6138506158404,,,,,,,,,,,,,,,,
53033010800,4140525,322633,Census Tract 108,Washington,King County,83076,4761,82355,7384,104519,48415,158730,948,144167,72565,110625,15446,102396,2850,,,,,52917,2457,185114,235913,138036,,195172,,,,,,,,,,,,,,80625,39825,37750,55737,,,72143,14692,85625,87145,77708,110060,60329,22802,,,83277,4512,68472,13031,119279,31030,,,,,77404,28850,,,,,64583,28090,,,83618,857,,,,,,,,,,,,,,,98458,4566,68409,26914,,,,,,,,,,,,,65.5,32.8073888928001,75.1,19.543767107413,,,,,75.6,28.0962606432716,,,,,122,52.7797955574588,,,60.6,85.653273556313,,,,,,,,,,,,,,,122.1,60.586099912953,181.2,276.897009072082,,,,,,,,,,,,,,
53033010900,5389781,414929,Census Tract 109,Washington,King County,67386,18078,85036,24522,170250,173234,138750,30657,153125,75341,88393,11516,,,,,,,,,86691,62073,,,,,,,,,,,,,,,,,,,72891,35631,,,34653,189577,,,,,,,,,55170,6294,58750,46154,75234,19422,,,,,,,,,,,29338,20988,,,,,,,,,,,,,,,,,,,,,,,,,,,,,,,,,,,34.5,44.3603823905699,54.2,7.2391422496086,,,,,,,,,,,,,,,,,,,,,,,,,,,,,,,,,,,,,,,,,,,,,,,,
53033011001,1080391,0,Census Tract 110.01,Washington,King County,44640,10089,42412,6576,74861,55085,,,140880,19757,147955,168468,,,,,,,,,,,,,,,,,,,,,9896,26016,,,,,28750,64675,42844,1784,,,45929,23365,,,43472,28876,,,,,59922,17344,76709,41878,59922,22424,,,,,,,,,,,,,,,83125,13702,,,,,,,,,,,,,,,,,40427,2819,,,,,,,,,,,,,102.5,93.8854634486935,,,,,,,,,,,,,,,,,,,,,,,,,,,,,,,,,,,94.4,5.27777411112506,,,,,,,,,,,,,,
53033011002,1719569,0,Census Tract 110.02,Washington,King County,41021,4964,43802,7296,74479,64718,,,122750,102189,,,,,,,,,,,,,,,,,,,,,,,40114,19438,,,,,,,49792,15930,,,26927,25388,21855,18675,44423,15511,63083,35417,,,34626,6447,121458,44805,,,,,,,,,,,,,50469,36827,,,,,,,,,,,,,40806,8340,34583,6668,,,,,47396,30764,,,,,,,,,,,32978,11094,163.1,153.94521226689,,,,,,,,,,,,,,,,,,,,,,,,,,,101.7,53.4980113481195,,,,,,,95.2,53.7584318184852,,,,,,,,,,,,,,
53033011101,1136851,0,Census Tract 111.01,Washington,King County,48578,7213,47075,12889,57361,35188,104688,376198,107639,85680,,,,,,,,,,,96923,55839,,30500,,17096,,,,,,,41588,11001,,,,,44022,3014,40318,43985,,,,,63942,40413,53469,18169,,,30938,27097,49076,6508,36283,31352,,,,,,,,,,,,,84926,18379,,,117733,55072,59063,54923,,,,,,,,,,,29808,29756,49250,67296,43125,9236,,,,,,,34375,18038,,,,,63.3,38.4936263699294,,,,,,,,,,,,,,,,,,,,,,,,,,,,,,,,,111.9,152.677001455026,107,118.917866940078,,,,,,,64.3,25.7067499489364,,,,,,
53033011102,1303226,1143440,Census Tract 111.02,Washington,King County,67590,11609,64722,14019,125000,118760,111875,67065,102000,33604,102083,121064,,,77800,21063,,,61406,29222,,,77244,,165221,,,41017,,11393,,,21772,13437,30938,12158,,,,,54179,24111,,,68415,24753,,,54792,80716,,,41583,5704,68145,11800,128214,28816,250001,,113523,71215,,,,,,,,,60200,29828,,,84855,5534,,,,,,,,,,,39625,2657,,,,,41129,4831,,,,,,,30385,18586,,,,,102.6,100.140396018318,223.5,,111.3,59.4152955021705,,,,,,,,,98,13.5270602879855,,,109.9,235.079605041915,,,,,,,,,,,128.1,51.0597551466375,,,,,75.9,34.9401787535867,,,,,,,55.5,88.4554838338973,,,,,,
53033011200,2483779,139646,Census Tract 112,Washington,King County,49889,5378,49279,10212,126250,32254,,,62083,23545,,,,,,,,,,,,,,,,,,,,,,,35521,16936,41250,23965,,,74444,31868,53938,29710,53229,19581,12813,16156,50000,4519,34018,12859,,,32455,24584,50625,7951,75833,42701,44267,18000,,,,,,,,,,,,,,,,,,,,,,,,,50398,10992,,,,,,,59583,21956,,,,,,,,,,,,,60.1,30.1410737385619,,,,,,,,,,,,,,,,,,,,,,,,,,,141.9,74.3896811136308,,,,,,,110.5,73.2070364768704,,,,,,,,,,,,,,
53033011300,3419308,42220,Census Tract 113,Washington,King County,77708,9242,80441,20540,67708,13159,101250,38642,104958,60575,91953,20579,,,,,145281,68435,55833,51299,,,,,,,,,,,,,,,,,,,89917,99686,61250,20379,,,116477,125568,32460,51933,44519,25048,,,165809,140292,74948,9133,125167,48754,64046,4407,,,,,,,72115,12976,,,80417,13531,,,79107,31919,,,,,,,,,,,,,,,53333,45973,105423,45913,,,,,,,,,,,,,184.9,62.4025824152717,63.3,24.5305894303423,,,,,,,,,,,144,134.535816195871,,,,,,,,,,,,,,,,,,,59.3,83.2956985489947,172.1,48.3680455028925,,,,,,,,,,,,,,
53033011401,1233155,0,Census Tract 114.01,Washington,King County,58350,11319,63389,12237,74423,25298,43942,26625,91250,12969,108125,34903,,,,,,,66250,42458,,,,,,,,,,,,,34273,10103,,,,,45989,8574,66250,97161,,,,,74289,18057,34423,27862,60536,59299,,,54625,18966,86250,27189,61250,2450,68484,871,,,,,,,,,65733,42444,,,76193,13343,,,,,,,,,30081,14648,,,,,36786,22307,44671,4514,,,,,,,,,,,,,115.9,53.7266970433581,139.4,84.640919003443,75.1,10.7093176276194,,,,,,,,,99.2,7.81954267642359,,,,,,,,,,,,,87.8,34.0183995193076,,,,,80,46.1557366581768,67.4,99.1229776616043,,,,,,,,,,,,,,
53033011402,1186191,0,Census Tract 114.02,Washington,King County,48402,7390,52119,12020,103359,8918,66927,22210,62000,50188,,,,,,,96071,72226,94688,60568,52708,26375,,,,,,,,,,,44167,17907,,,,,108269,52926,51274,10742,,,61786,84155,58750,54751,45388,7944,43563,588,,,46213,2451,110875,13488,46686,6345,,,,,,,66208,13388,,,41985,18642,78214,36469,111607,50236,,,34464,22947,,,,,6780,14183,,,41761,12562,46140,15388,42500,2376,,,,,,,38875,491,,,,,107.3,9.19932457084403,69.8,25.0151224549105,,,,,,,,,,,44.3,34.5261152229491,148.4,101.494349712858,,,,,,,,,,,15.4,31.5033042622368,,,,,42.6,25.2188283786638,82.9,17.9728490559208,,,,,,,85.7,15.0298759549249,,,,,,
53033011500,1538373,0,Census Tract 115,Washington,King County,82358,4275,93347,8482,105469,26918,95313,20188,176875,63162,121488,6170,71000,183252,,,,,,,97625,42140,,,,,,,,,,,,,,,,,72167,29397,59352,7801,,,44375,84836,,,,,,,,,78200,7726,96827,74894,82083,22137,98750,39539,,,,,,,86023,3914,63173,25047,,,93000,35509,,,,,,,,,,,,,,,80750,66562,43875,6113,,,,,,,,,,,,,91.8,67.033378040034,86.1,14.377184795315,55.8,10.1106888178207,,,,,,,,,,,,,,,,,,,,,,,,,,,,,111.9,80.1841753498093,73.9,3.41708439465007,,,,,,,,,,,,,,
53033011700,3515808,0,Census Tract 117,Washington,King County,47122,7116,53661,9170,102500,125742,99808,129051,165417,95231,84125,44553,,,,,,,,,,,,34837,,46085,,,,,,,29770,19518,,,,,56813,4999,65000,11248,,,55804,38937,,,72708,2400,,,34063,25085,41855,8679,70909,17655,49550,35760,95398,43774,,,,,63824,23402,,,,,,,,,,,29408,5454,,,,,26875,18214,29572,30814,,,43125,16584,39677,15719,,,,,,,36763,2188,,,31286,4892,69.2,86.5963407034515,49.6,73.5131980304956,57.7,42.4572545978204,,,,,,,,,,,,,,,,,84.4,112.763903369123,,,,,90.3,15.4980093893438,,,,,75.9,28.4161094428087,61,21.7541758626703,,,,,,,50.6,2.5040550307891,,,91.8,69.1470563914711,,
53033012000,1437048,0,Census Tract 120,Washington,King County,82692,13363,104392,12524,123971,23695,104813,38600,161364,29165,137539,30291,,,,,,,,,,,,,,,,,,,,,,,,,,,138333,194060,87679,110270,,,52667,62355,49700,105061,,,,,,,75625,13553,89063,17265,75625,7293,,,82500,73643,,,57841,81780,,,29570,63974,,,86528,35115,,,,,,,,,,,,,,,152500,93306,63333,3360,,,,,,,,,,,,,71.8,2.32399104165306,72.2,27.4678065497,,,60,51.8881170425231,,,,,,,,,,,,,,,,,,,,,,,,,,,110.2,168.720605992952,72.2,90.9247941491279,,,,,,,,,,,,,,
53033012100,1739952,1380849,Census Tract 121,Washington,King County,120583,22945,149219,25090,151750,88266,192750,184529,170458,87544,237833,82569,,,,,,,,,,,,,,,,,,,,,,,,,,,157875,203036,98875,120207,,,,,,,,,,,,,103482,12456,112188,47096,86250,59082,,,,,,,80341,29192,229934,115124,93571,30148,,,,,,,,,,,,,,,,,,,121607,292241,81944,72604,,,,,,,,,,,,,73.9,53.0311819536076,44.7,52.6753900305933,,,,,,,,,,,,,,,,,,,,,,,,,,,,,,,77,156.371993140082,82.9,124.675138018677,,,,,,,,,,,,,,
53033000101,414848,0,Census Tract 1.01,Washington,King County,58431,5767,62216,19106,103708,5469,69688,87293,78958,12637,76250,56275,,,,,,,,,,,,,,,,,,,,,24722,51410,,,,,55833,4674,38125,28993,,,,,,,,,,,,,58075,13671,47857,2163,80375,66283,,,,,,,,,,,,,,,,,,,,,,,,,38125,11748,,,,,,,39769,22857,,,,,,,,,,,,,46.1,3.20497229181799,115.3,172.970774285976,,,,,,,,,,,,,,,,,,,,,,,,,154.2,324.195244754777,,,,,,,104.3,99.4335219545148,,,,,,,,,,,,,,
53033000102,1495019,918878,Census Tract 1.02,Washington,King County,78926,15480,85298,25401,84048,97411,,,86766,19752,,,66591,254150,,,,,,,,,250001,,,,,,,,,,,,,,,,,,71060,13927,,,,,,,,,,,,,54038,40095,53917,124858,,,107361,146224,,,,,,,,,,,,,133393,11100,,,,,,,,,,,,,,,,,52000,34572,,,,,,,,,,,,,64.2,128.611396837913,,,123.7,166.156105416692,,,,,,,,,,,,,53.4,,,,,,,,,,,,,,,,,,73.2,46.4898715886793,,,,,,,,,,,,,,
53033000201,1806749,0,Census Tract 2.01,Washington,King County,82515,19391,84217,20470,250001,,86053,41890,170785,60166,,,,,,,,,,,43835,27359,,,,,,,,,,,,,,,,,51131,47702,57083,17180,,,108152,49800,,,,,,,,,61806,9545,61389,42087,63359,26327,,,,,,,,,,,38125,49615,110361,30318,,,,,,,,,,,,,,,,,91944,41929,52112,6184,,,,,,,,,,,,,24.6,,73.6,47.1232938273666,,,,,,,,,,,,,251.8,171.683302725292,,,,,,,,,,,,,,,,,179.8,186.730586835274,91.3,29.5342258783195,,,,,,,,,,,,,,
53033000202,1480085,0,Census Tract 2.02,Washington,King County,68311,8579,72049,28542,87829,33891,110388,31228,132852,16208,121250,41186,,,58304,32762,,,,,,,,,,,,,,,,,,,49531,105396,,,38788,11746,63563,39473,,,17193,91177,,,39188,105960,,,,,63785,8196,78750,21403,58942,59914,,,,,98750,39411,61114,10320,,,,,,,,,,,,,,,,,,,,,,,,,48250,3886,,,,,,,,,,,,,89.7,42.3191630674075,53.4,52.1315601993506,,,,,,,104.8,61.5020128509981,,,,,,,,,,,,,,,,,,,,,,,,,75.9,47.5346899063578,,,,,,,,,,,,,,
53033000403,669384,62871,Census Tract 4.03,Washington,King County,66729,21360,66009,33077,213421,4171,,,,,,,,,,,,,,,,,,,,,,,,,,,,,,,,,,,49474,92455,,,,,,,,,,,,,70417,25239,167870,136224,,,163482,920,,,83875,18591,,,,,,,,,,,,,,,,,,,,,,,,,,,,,,,,,,,,,,,,,78.7,63.8102566113178,,,,,,,,,,,,,,,,,,,,,,,,,,,,,,,,,,,,,,,,,,,,,,,,,,
53033000404,617482,13535,Census Tract 4.04,Washington,King County,62379,12676,62900,20503,104306,127252,86285,44259,,,,,,,,,,,,,,,,,,,,,,,,,,,,,,,46875,8184,,,,,,,,,63964,440,,,,,60444,8722,,,,,,,,,,,,,,,,,,,,,,,,,,,,,,,,,,,,,58672,18229,,,,,,,,,,,,,,,,,,,,,,,,,,,,,,,,,,,,,,,,,,,,,,,,,,,,,,,,,,,,,,,,
53033000601,1431268,0,Census Tract 6.01,Washington,King County,70804,14836,75400,23829,81576,10543,109271,47410,204013,115088,84907,49053,,,,,,,,,,,,,,,,,,,,,,,,,,,47264,145154,47115,13282,,,27472,55843,,,67958,30714,,,,,70149,20542,109432,122586,208083,203260,,,97596,41243,,,,,,,,,78750,194084,,,,,,,,,,,,,,,,,,,31833,11555,,,,,,,,,,,,,134.1,149.268652470894,190.4,166.658332922739,,,114.9,82.2756841877394,,,,,,,,,,,,,,,,,,,,,,,,,,,,,67.6,15.4498800206887,,,,,,,,,,,,,,
53033000602,2355577,55191,Census Tract 6.02,Washington,King County,70757,11657,85302,36389,112688,12580,105938,23524,141466,74066,,,70435,6078,,,,,,,,,,,,,,,,,,,,,,,,,,,,,,,32321,40197,,,,,,,,,64659,10023,85188,90495,63561,39333,,,,,,,,,,,76823,45915,,,89125,75607,,,36359,9706,,,,,,,,,,,,,61094,40467,,,,,,,,,,,,,75.6,79.8611334115518,60,34.6556322448167,,,,,,,,,,,,,,,,,,,,,,,,,,,,,,,,,,,,,,,,,,,,,,,,
53033001201,1008240,0,Census Tract 12.01,Washington,King County,55155,9206,61158,11862,68807,121923,,,,,,,,,,,,,,,,,,,,,,,,,,,31865,3785,,,,,,,,,,,,,,,,,,,,,49739,3620,49598,39998,50153,2816,,,,,,,,,,,,,,,,,,,,,,,,,,,,,,,,,65391,6993,,,,,,,,,,,,,72.1,140.333549557565,,,,,,,,,,,,,,,,,,,,,,,,,,,,,,,,,,,,,,,,,,,,,,,,,,
53033001202,821426,0,Census Tract 12.02,Washington,King County,55547,8076,56458,17195,139375,108329,69485,36846,120294,95589,,,,,,,,,,,,,,,,,,,,,,,,,,,,,,,56198,62869,,,,,,,,,,,,,55243,13251,,,,,,,,,,,,,,,49423,42429,,,,,,,,,,,,,,,,,,,92375,272248,,,,,,,,,,,,,,,,,,,,,,,,,,,,,,,,,,,,,,,,,,,,,,,,,,,,,,,,,,,,,,,,,,
53033003201,1152079,1354300,Census Tract 32.01,Washington,King County,89797,50518,72783,28110,,,87525,33656,189643,94845,,,,,,,,,,,,,,,,,,,,,,,,,,,,,32257,145636,,,,,,,,,,,,,,,132554,99960,88913,79845,86726,98249,86522,76100,,,,,,,,,,,168411,69669,,,,,,,,,,,,,,,,,,,73226,12011,,,,,,,,,,,,,,,99.1,105.588174075712,45.6,33.0094255040923,,,,,,,,,,,,,,,,,,,,,,,,,,,,,,,,,,,,,,,,,,,,,,
53033003202,956016,0,Census Tract 32.02,Washington,King County,91596,41564,99426,81673,227543,65893,98818,168539,145909,168099,,,,,,,,,62012,222263,,,,,,,,,,,,,,,,,,,149150,80808,,,,,,,,,,,,,,,89683,18767,91146,66105,119020,57547,,,,,,,,,,,,,,,,,,,,,,,,,,,,,,,,,,,,,,,,,,,,,,,40.1,26.6353798822365,120.4,213.517687734558,,,,,,,,,,,,,,,,,,,,,,,,,,,,,,,,,,,,,,,,,,,,,,,,
53033003301,669207,0,Census Tract 33.01,Washington,King County,80443,8384,81472,12291,76500,23222,112813,57693,167875,56673,,,150735,134255,,,,,,,64123,58233,,,,,,,,,,,,,,,,,126250,140420,51700,30592,,,,,,,,,,,,,77820,18775,55577,75446,95286,12797,140893,31811,,,,,58571,87527,,,67132,31613,76313,69274,,,,,,,,,,,,,,,,,129107,90076,44888,14443,,,,,,,,,,,,,72.6,96.1249112379526,84.5,44.6596907884282,83.9,34.0857078320502,,,,,,,,,,,119,152.814036111492,,,,,,,,,,,,,,,,,102.3,134.266127966537,86.8,58.4797700110009,,,,,,,,,,,,,,
53033003302,627071,0,Census Tract 33.02,Washington,King County,109201,25791,135156,43361,141250,41955,95714,31163,250001,,85441,43627,,,,,154395,13763,,,,,,,,,,,,,,,,,,,,,70909,41917,,,,,,,,,,,,,,,99861,22005,140192,62540,92344,39087,127500,89804,,,,,,,76810,68255,,,44970,96551,89732,62708,,,,,,,,,,,,,,,87868,161451,250001,,,,,,,,,,,,,,99.3,33.0347228684496,96.5,26.0952818255227,51,,,,,,,,49.7,43.9850432450285,,,,,,,,,,,,,,,,,,,,,123.9,215.582510873536,,,,,,,,,,,,,,,,
53033003601,674139,0,Census Tract 36.01,Washington,King County,87010,15470,92917,17099,94931,65935,89539,52311,130647,124525,97778,33462,,,,,,,,,,,,,,,,,,,,,,,,,,,,,,,,,,,,,,,,,,,70303,31749,64821,150723,143375,93041,109926,162750,,,,,53542,14052,,,,,,,,,,,,,,,,,,,,,,,,,32317,107423,,,,,,,,,,,,,68.3,151.522434329372,160.1,45.2326961611133,84.1,95.3242110202196,,,,,,,,,,,,,,,,,,,,,,,,,,,,,,,,,,,,,,,,,,,,,,
53033003602,522326,0,Census Tract 36.02,Washington,King County,93819,13919,103108,13297,,,80395,85166,121477,91352,105604,14700,,,,,,,,,,,,,,,,,,,,,,,,,,,132560,111216,,,,,,,,,,,,,,,91544,18902,141146,106002,92734,47848,105699,13730,75500,71854,43750,25558,,,,,71228,18250,91900,59577,105758,63144,,,38125,2428,,,,,,,,,,,110526,17455,,,,,,,,,,,,,,,,,115.3,135.916730363485,87,66.4025889621942,71.5,67.3092580074347,,,,,,,,,,,,,,,,,,,,,,,,,,,83.4,71.1815794158989,,,,,,,,,,,,,,,,
53033004101,1601973,3290570,Census Tract 41.01,Washington,King County,194044,36599,222000,70787,231771,81296,,,191016,91122,,,,,,,250001,,,,,,250001,,,,,,,,,,,,,,,,143750,405797,,,,,,,,,,,,,,,135395,46707,,,,,,,,,126776,72274,,,,,,,,,96563,83031,,,,,,,,,,,,,,,106339,121750,,,,,,,,,,,,,,,,,,,,,,,,,,,,,,,,,38.6,,,,,,,,,,,,,,,,74,225.348348555048,,,,,,,,,,,,,,,,
53033004102,1689910,2027249,Census Tract 41.02,Washington,King County,113399,16711,117335,29335,166944,203883,72063,158534,156534,28577,,,,,,,,,27451,48717,,,143177,,80203,,,,,,,,,,,,,,43500,101502,,,,,,,,,,,,,,,87946,36685,66696,69357,89286,19054,,,,,,,50795,19773,,,134063,66845,,,84141,39499,,,,,,,,,,,,,,,,,,,,,,,,,,,,,,,40,64.0823568405434,123.9,273.851352764093,,,,,,,,,,,488.4,900.266267580756,,,58.8,42.9506468789832,,,,,,,,,,,,,,,,,,,,,,,,,,,,,,,,
53033004201,1244114,0,Census Tract 42.01,Washington,King County,137083,34149,149531,54825,189762,88638,250001,,126731,56121,131250,186561,155917,91085,,,,,208693,133151,,,,,,,,,,,,,,,,,,,59583,360708,,,,,,,,,,,,,,,107308,58126,66029,138633,,,196279,2567,,,,,,,,,,,,,114375,86095,,,,,,,,,,,,,,,,,,,,,,,,,,,,,,,34.8,71.22536320044,,,154.9,68.6155942001755,,,,,,,,,,,,,,,,,,,,,,,,,,,,,,,,,,,,,,,,,,,,,,
53033004202,1220977,0,Census Tract 42.02,Washington,King County,94525,26094,119375,24146,165568,52804,,,153472,44441,160460,119280,187019,179718,,,250001,,96786,49133,,,,,,,,,,,,,,,,,,,,,46328,88043,,,,,81750,100094,,,,,,,86531,11036,91106,10691,134911,82422,,,,,129808,52565,,,250001,,88424,12103,,,74905,138272,,,,,,,,,,,,,,,,,42208,15824,,,,,,,,,,,,,55,18.6995887109893,,,,,,,69.4,72.3795084955977,,,100,,91.4,48.0349289861659,,,,,,,,,,,,,,,,,,,,,91.1,176.478965422908,,,,,,,,,,,,,,
53033004401,694919,0,Census Tract 44.01,Washington,King County,75304,7960,86447,9698,104368,61383,,,,,141250,127969,,,,,,,,,,,68789,,136691,,,,,,,,,,,,,,,,,,,,,,,,,,,,,,58958,19327,123750,160368,,,,,,,,,,,,,58125,88807,,,75927,19954,,,,,,,,,,,,,,,,,31484,33105,,,,,,,,,,,,,118.6,136.920092493468,,,,,,,,,,,,,,,,,110.4,221.239949975266,,,,,,,,,,,,,,,,,,,,,,,,,,,,,,,,
53033004402,294988,0,Census Tract 44.02,Washington,King County,54142,20695,73222,33466,168750,222418,,,208289,157243,57386,30594,,,,,,,,,,,,,,,,,,,,,42404,79717,,,,,52344,40017,,,,,155511,182343,,,,,,,,,34091,5672,,,,,,,,,,,,,,,39038,47794,,,,,,,,,,,,,,,,,,,24726,17902,,,,,,,,,,,,,,,,,,,,,,,,,,,,,,,,,,,,,,,,,,,,,,,,,47.2,49.737720402821,,,,,,,,,,,,,,,,
53033004701,571393,176916,Census Tract 47.01,Washington,King County,83975,20924,84475,17966,54500,265130,74688,18779,122455,47153,,,,,,,,,,,,,,,,,,,,,,,,,,,,,56270,401,,,,,,,,,70208,37555,,,,,68864,47328,,,,,,,,,,,,,,,,,,,,,,,,,,,,,,,,,,,,,44091,7451,,,,,,,,,,,,,,,,,,,,,,,,,,,,,,,,,,,,,,,,,,,,,,,,,,,,,,,,,,,,,,,,
53033004702,266414,0,Census Tract 47.02,Washington,King County,89985,49878,122407,59673,89125,170479,,,202463,27352,,,,,,,,,,,,,,,,,,,,,,,,,,,,,,,,,,,,,,,,,,,,,81292,42562,,,141293,90803,124648,298855,,,,,,,,,,,,,64240,22979,,,,,,,,,,,,,,,,,56284,32349,,,,,,,,,,,,,,,,,61.6,147.375173986917,,,,,,,,,,,,,,,,,,,,,,,,,,,,,,,,,,,,,,,,,,,,,,
53033004703,1188631,155567,Census Tract 47.03,Washington,King County,81300,13343,82470,10185,81925,184878,89012,21132,157886,61049,,,73655,16166,,,,,33065,3348,,,,,,,,,,,,,,,,,,,,,,,,,,,,,,,,,,,73441,22575,67428,46771,146081,65299,,,,,,,,,,,,,,,89173,3962,,,,,,,,,,,,,,,,,,,,,,,,,,,,,,,82.3,194.310524702256,164.1,62.1582400203143,,,,,,,,,,,,,,,,,,,,,,,,,,,,,,,,,,,,,,,,,,,,,,,,
53033004901,497144,0,Census Tract 49.01,Washington,King County,83679,17306,98571,25443,101250,35921,208045,119304,139943,25832,65804,80824,,,,,,,,,49868,33706,,,,,,,,,,,,,,,,,48529,26326,,,,,,,,,,,,,,,69135,20165,79118,53413,64028,7998,185000,77273,,,,,,,,,69904,75698,51441,35433,,,,,,,,,,,,,,,,,44716,76882,54097,58623,,,,,,,,,,,,,78.1,44.8820537977806,30.8,18.0624570895519,132.2,49.5328903280406,,,,,,,,,,,103.2,13.6890342945708,,,,,,,,,,,,,,,,,92.1,150.332542068776,,,,,,,,,,,,,,,,
53033004902,597604,17368,Census Tract 49.02,Washington,King County,84789,18152,97946,14173,104932,185747,78824,22807,171136,8737,84792,45489,,,,,,,,,,,,,,,,,,,,,46250,25143,,,,,44034,631,,,,,,,,,,,,,,,77827,11796,102500,121773,70804,14611,,,,,,,,,,,64464,3237,,,93906,14654,,,,,,,,,,,,,,,,,63875,37146,,,,,,,,,,,,,97.7,208.24665969178,89.8,31.9230407930005,,,,,,,,,,,,,,,,,,,,,,,,,,,,,,,,,,,,,,,,,,,,,,,,
53033005201,699701,73218,Census Tract 52.01,Washington,King County,67500,20801,96792,38023,162866,25184,,,220274,113812,110625,9168,57107,48418,,,,,,,58464,27373,66484,,228265,,,,,,,,,,,,,,24225,19156,,,,,,,,,,,,,,,45511,32200,,,108529,173064,74183,13280,,,,,,,,,83276,22408,68542,22491,86103,180021,,,,,,,,,,,,,,,,,32424,20763,,,,,,,,,,,,,,,,,33.7,18.4154937224332,,,,,,,,,,,117.2,67.0295685258061,129.5,520.611609458912,,,,,,,,,,,,,,,,,,,,,,,,,,,,,,,,
53033005202,269234,19268,Census Tract 52.02,Washington,King County,84304,25313,102827,21023,94805,29229,,,106929,64527,,,,,,,,,,,,,,,,,,,,,,,,,,,,,,,,,,,,,,,,,,,,,44607,68192,83417,17950,,,95865,140949,,,,,,,,,,,,,,,,,,,,,,,,,,,,,,,,,,,,,,,,,,,,,88,33.0812610805199,,,89.7,120.201239984289,,,,,,,,,,,,,,,,,,,,,,,,,,,,,,,,,,,,,,,,,,,,,,
53033005303,2432843,749176,Census Tract 53.03,Washington,King County,32250,23145,31500,42152,,,,,,,,,,,,,,,,,,,,,,,,,,,,,,,,,,,,,,,,,,,,,,,,,,,37969,55968,,,,,,,,,,,,,,,,,,,,,,,,,,,,,,,,,,,,,,,,,,,,,,,,,,,,,,,,,,,,,,,,,,,,,,,,,,,,,,,,,,,,,,,,,,,,,,,,,,,,,,
53033005304,73030,0,Census Tract 53.04,Washington,King County,6767,12326,5938,807,,,,,,,,,,,,,,,,,,,,,,,,,,,,,,,,,,,,,,,,,,,,,,,,,,,30278,46119,,,,,,,,,,,,,,,,,,,,,,,,,,,,,,,,,,,,,,,,,,,,,,,,,,,,,,,,,,,,,,,,,,,,,,,,,,,,,,,,,,,,,,,,,,,,,,,,,,,,,,
53033005305,212967,0,Census Tract 53.05,Washington,King County,36422,4037,37721,7548,,,,,64469,2589,,,,,,,,,,,,,,,,,,,,,,,,,,,,,33229,13247,,,,,,,,,,,,,,,36201,14108,,,,,,,,,,,,,,,,,,,,,,,,,,,,,,,,,,,,,,,,,,,,,,,,,,,,,,,,,,,,,,,,,,,,,,,,,,,,,,,,,,,,,,,,,,,,,,,,,,,,,,
53033005306,200489,0,Census Tract 53.06,Washington,King County,74931,34589,89038,28769,,,,,106250,11708,,,,,,,,,,,,,,,,,,,,,,,,,,,,,23611,19766,,,,,,,,,,,,,,,70156,17305,88542,30739,,,63854,895,,,,,,,,,,,,,,,,,,,,,,,,,,,,,,,,,,,,,,,,,,,,,,,,,60.1,6.67572036805211,,,,,,,,,,,,,,,,,,,,,,,,,,,,,,,,,,,,,,,,,,,,,,
53033005307,130030,0,Census Tract 53.07,Washington,King County,21994,6492,27273,62853,,,,,,,,,,,,,,,,,,,,,,,,,,,,,,,,,,,,,,,,,,,,,,,,,,,21131,379,,,,,,,,,,,,,,,,,,,,,,,,,,,,,,,,,,,,,,,,,,,,,,,,,,,,,,,,,,,,,,,,,,,,,,,,,,,,,,,,,,,,,,,,,,,,,,,,,,,,,,
53033005401,756239,615226,Census Tract 54.01,Washington,King County,98338,10116,107404,10508,65750,45004,108311,63744,121544,36454,115804,9200,,,,,,,97996,27992,,,,,,,,,,,,,,,,,,,103162,65406,92908,20488,,,,,,,,,,,,,83182,7327,82182,29189,65982,16731,180500,163148,120781,68209,,,,,106356,29472,69808,25065,,,78500,20020,,,,,,,,,,,,,,,93646,47737,,,,,,,,,,,,,,,125,96.3855357738778,60.9,39.038679814073,148.5,126.62433215351,104.3,58.3146563106757,,,,,,,71.2,15.4974154958838,,,,,,,,,,,,,,,,,,,90.8,73.8485237104501,,,,,,,,,,,,,,,,
53033005402,463900,0,Census Tract 54.02,Washington,King County,73894,4550,88947,53874,148482,44415,69722,45853,124375,47119,,,146691,31910,,,,,,,,,,,,,,,,,,,,,,,,,132639,75534,,,,,,,,,,,,,,,72955,2443,38056,79595,94196,39243,,,,,,,62014,9754,,,73193,1670,106029,25833,,,,,,,,,,,,,,,,,125078,72391,52237,7689,,,,,,,,,,,,,25.6,53.0547546946918,135.1,105.178098284641,,,,,,,,,,,,,,,,,,,,,,,,,,,,,,,94.3,9.74274497076205,,,,,,,,,,,,,,,,
53033005803,832097,0,Census Tract 58.03,Washington,King County,94423,29184,107174,8406,136159,14731,109223,54494,115714,29207,105511,20013,,,,,,,,,,,,,,,,,,,,,,,,,,,150673,96076,58864,11694,,,,,,,,,,,,,67065,20682,105114,43966,126250,21829,150391,94203,,,,,,,,,,,,,59692,81105,,,,,,,,,41495,11717,,,,,53750,49084,36713,7380,,,,,,,,,,,,,77.2,31.1913031385818,115.6,61.0351309831972,130,74.5081737531927,,,,,,,,,,,,,,,,,,,,,,,,,,,,,35.7,23.3196619630402,62.4,1.91444196758511,,,,,,,,,,,,,,
53033005804,2334443,1169687,Census Tract 58.04,Washington,King County,82470,8957,88108,5932,135066,138022,88737,611,132500,81716,,,,,,,,,,,,,,,,,,,,,,,,,,,,,57396,95890,,,,,,,,,,,,,,,81139,8112,80428,23498,106304,3847,71333,21756,,,,,,,,,,,,,,,,,,,,,,,,,,,,,,,53382,10395,,,,,,,,,,,,,59.5,63.2885664065181,119.8,4.25608746616568,53.8,37.0403141085331,,,,,,,,,,,,,,,,,,,,,,,,,,,,,,,,,,,,,,,,,,,,,,
53033005901,778385,173882,Census Tract 59.01,Washington,King County,90281,26729,105064,22220,52338,116635,107411,75833,250001,,103299,17002,,,,,69500,47407,,,91417,128912,,,,,,,,,,,,,,,,,,,,,,,,,,,,,,,,,71355,17005,193264,84760,71250,1016,,,,,,,,,,,,,,,56250,45645,,,,,,,,,,,,,,,,,,,,,,,,,,,,,,,369.3,838.6816014485,66.3,46.8418621467938,,,,,,,,,,,,,,,,,,,,,,,,,,,,,,,,,,,,,,,,,,,,,,,,
53033005902,1022976,0,Census Tract 59.02,Washington,King County,115664,26797,99483,29080,115694,29522,78603,47932,244276,43808,248688,189277,,,,,214792,172438,,,,,,,,,,,,,,,,,,,,,47179,27393,,,,,,,,,,,,,,,129167,43993,159917,20745,84091,340491,,,,,,,,,,,,,98333,81857,103864,154587,,,43711,211,,,,,,,,,,,116487,78802,,,,,,,,,,,,,,,138.2,39.5672452661389,107,428.23750926034,,,,,,,,,,,,,,,,,,,,,,,,,,,,,,,246.9,85.7144019203999,,,,,,,,,,,,,,,,
53033006701,380256,105441,Census Tract 67.01,Washington,King County,106742,13647,127413,31219,110889,10923,118636,70437,178041,29525,133433,74046,,,,,,,,,56534,118187,,,,,,,,,,,,,,,,,119688,27153,,,,,,,,,,,,,,,82083,19892,,,79322,23498,106083,14258,113750,105963,,,,,,,,,,,,,,,,,,,,,,,,,,,,,,,,,,,,,,,,,,,,,66.9,44.3642770374669,59.6,12.7186537443188,85.2,63.7843502774889,,,,,,,,,,,,,,,,,,,,,,,,,,,,,,,,,,,,,,,,,,,,
53033006702,304748,0,Census Tract 67.02,Washington,King County,105227,14803,113493,29485,,,,,107464,93275,,,,,,,,,,,,,,,,,,,,,,,,,,,,,,,,,,,,,,,,,,,,,97885,29379,141125,62804,,,106371,33679,,,,,,,,,80750,1860,,,,,,,,,,,,,,,,,,,,,,,,,,,,,,,,,,,,,,,99,91.4513490829826,,,,,,,,,,,,,,,,,,,,,,,,,,,,,,,,,,,,,,,,,,,,,,
53033006703,597133,0,Census Tract 67.03,Washington,King County,104388,19469,122311,61115,189426,88426,136111,115740,,,,,,,,,,,,,,,,,,,,,,,,,,,,,,,,,,,,,,,,,,,,,,,95821,28637,92321,11974,125833,135010,,,,,,,,,,,,,,,,,,,,,,,,,,,,,,,152929,194588,42313,49595,,,,,,,,,,,,,48.7,23.612867915517,92.4,60.4892572662384,,,,,,,,,,,,,,,,,,,,,,,,,,,,,,,,,,,,,,,,,,,,,,,,
53033007001,358281,0,Census Tract 70.01,Washington,King County,91594,13748,91266,18481,,,84929,16448,126708,151977,,,,,,,,,,,39809,263934,,,,,,,,,,,,,,,,,,,,,,,,,,,,,,,,,93191,39729,60956,125150,85750,91963,235667,86949,,,,,,,,,,,,,,,,,,,,,,,,,,,,,,,,,,,,,,,,,,,,,,,101,106.502015369002,186,233.399705028368,,,,,,,,,,,,,,,,,,,,,,,,,,,,,,,,,,,,,,,,,,,,,,
53033007002,441021,0,Census Tract 70.02,Washington,King County,62560,8442,61578,20355,79375,40602,63421,173017,173319,71379,,,,,,,,,,,,,,,,,,,,,,,,,,,,,,,,,,,,,,,,,,,,,65026,8077,88120,33023,91650,11514,,,,,,,,,,,46823,32309,,,49927,39497,,,,,,,,,,,,,,,,,56926,10412,,,,,,,,,,,,,111,70.3968728656428,144.5,394.652709515273,,,,,,,,,,,,,,,,,,,,,,,,,,,,,,,,,,,,,,,,,,,,,,,,
53033007101,495054,0,Census Tract 71.01,Washington,King County,94267,22803,104565,22844,104199,33617,,,114548,36977,,,,,,,64095,68411,,,,,,,,,,,,,,,51360,5564,,,,,50972,63303,,,,,,,,,,,,,,,88212,16225,94911,61300,89722,46451,121544,29254,,,,,,,,,,,84500,24732,,,,,,,,,,,,,,,,,91172,100516,76250,23390,,,,,,,,,,,,,91.1,50.9643963947435,,,106.1,42.72522078186,,,,,,,,,,,,,,,,,,,,,,,,,,,,,178.9,297.039435419449,,,,,,,,,,,,,,,,
53033007102,335908,0,Census Tract 71.02,Washington,King County,90104,13033,93819,19750,88750,61502,101250,89787,132246,37281,,,,,,,,,,,,,,,,,,,,,,,,,,,,,55069,26164,,,,,,,,,,,,,,,78993,41082,250001,,51797,58423,99948,22331,,,,,,,,,,,,,,,,,,,,,,,,,,,,,53333,108945,35445,2597,,,,,,,,,,,,,281.7,,51.2,35.6572440099601,75.6,27.1858405069924,,,,,,,,,,,,,,,,,,,,,,,,,,,,,96.8,192.408151674672,,,,,,,,,,,,,,,,
53033007201,150744,0,Census Tract 72.01,Washington,King County,124346,13308,139761,16586,217896,34570,121991,50421,131544,17018,,,,,,,,,,,,,,,,,,,,,,,,,,,,,148516,26741,,,,,,,,,,,,,,,88919,14165,89713,16789,,,92802,138218,,,,,,,,,,,86154,137116,,,,,,,,,,,,,,,,,,,44091,19772,,,,,,,,,,,,,41.2,4.08641938153557,,,70.5,104.676445839185,,,,,,,,,,,,,,,,,,,,,,,,,,,,,,,,,,,,,,,,,,,,,,
53033007202,280585,0,Census Tract 72.02,Washington,King County,119078,11973,125696,30484,138304,268009,125807,21737,209462,65225,,,,,,,,,,,,,,,,,,,,,,,,,,,,,,,,,,,,,,,,,,,,,86496,33334,,,,,84777,90424,,,,,,,,,,,,,,,,,,,,,,,,,,,,,,,,,,,,,,,,,,,,,,,,,40.5,41.2889444129468,,,,,,,,,,,,,,,,,,,,,,,,,,,,,,,,,,,,,,,,,,,,,,
53033007203,579631,0,Census Tract 72.03,Washington,King County,121855,21176,145478,26401,62401,371335,,,145702,40962,,,,,,,,,,,,,,,,,,,,,,,,,,,,,,,,,,,,,,,,,,,,,118107,36916,103929,119715,116250,51068,166154,62791,,,,,,,,,,,,,,,,,,,,,,,,,,,,,,,50213,18629,,,,,,,,,,,,,166.6,1009.50192424749,,,114,28.7991399320167,,,,,,,,,,,,,,,,,,,,,,,,,,,,,,,,,,,,,,,,,,,,,,
53033007301,250787,0,Census Tract 73.01,Washington,King County,101875,34150,124423,53315,164964,47607,,,171650,32571,,,,,,,,,,,,,,,,,,,,,,,,,,,,,,,101250,126987,,,,,,,,,,,,,76250,37391,,,,,111182,17952,,,,,,,,,,,,,64116,1178,,,,,,,,,,,,,,,,,,,,,,,,,,,,,,,,,,,64.8,16.1382240567422,,,,,,,,,,,,,,,,,,,,,,,,,,,,,,,,,,,,,,,,,,,,,,
53033007302,312981,0,Census Tract 73.02,Washington,King County,125291,20334,149088,39936,175326,39055,147652,146408,167746,57667,,,,,,,,,,,,,250001,,,,,,,,,,,,,,,,177623,17002,,,,,,,,,,,,,,,83732,14166,110000,88905,122037,84676,137958,90758,,,,,,,,,,,,,,,,,,,,,,,,,,,,,33326,1995,85507,56804,,,,,,,,,,,,,62.7,48.7444181549193,82.7,100.027619618565,82.2,46.1295245840034,,,,,,,,,,,,,,,,,,,,,,,,,,,,,18.8,2.11820598166132,,,,,,,,,,,,,,,,
53033007303,313527,0,Census Tract 73.03,Washington,King County,135333,36814,156867,45678,,,,,157349,74209,,,,,,,,,,,,,,,,,,,,,,,,,,,,,,,,,,,,,,,,,,,,,101903,6729,,,64938,228647,102015,10594,,,,,,,,,,,,,,,,,,,,,,,,,,,,,,,,,,,,,,,,,,,,,,,,,64.8,31.3093270488416,,,,,,,,,,,,,,,,,,,,,,,,,,,,,,,,,,,,,,,,,,,,,,
53033007403,118559,0,Census Tract 74.03,Washington,King County,70388,21892,79375,32023,42273,51921,78438,47311,153142,50788,81458,5317,,,,,,,,,63750,81931,,,,,,,,,,,,,,,,,115938,9318,60446,21857,,,,,,,,,,,,,59063,58625,56845,21836,132917,186338,141359,53835,,,,,,,,,,,56667,99196,,,,,,,,,,,,,,,,,,,49375,19782,,,,,,,,,,,,,134.5,173.050792088885,169.5,214.449216181329,92.3,17.2819598895041,,,,,,,,,,,88.9,105.645995241602,,,,,,,,,,,,,,,,,,,81.7,14.0932630512495,,,,,,,,,,,,,,
53033007404,153725,0,Census Tract 74.04,Washington,King County,91912,22770,106981,10405,106454,23079,94554,61648,134363,7180,81646,68978,,,,,,,,,66330,24528,64301,,198107,,,,,,,,,,,,,,,,,,,,,,,,,,,,,,66633,13103,150809,949,97941,28273,66250,234111,,,,,,,,,56016,44636,,,128750,22493,,,,,,,,,41309,7289,,,,,67426,4676,,,,,,,,,,,,,,,141.7,30.7257962779009,103.6,73.8577202580979,49.3,174.217776373196,,,,,,,,,,,,,200.2,617.88649326057,,,,,,,,,,,,,,,,,,,,,,,,,,,,,,,,
53033007405,131830,0,Census Tract 74.05,Washington,King County,70798,17221,59135,31133,104833,44246,68906,32740,140750,78047,,,,,,,,,,,,,,,,,,,,,,,35968,7600,,,,,,,49464,31529,,,,,,,,,,,,,81125,13240,96857,29137,78942,41993,,,,,,,,,,,,,,,,,,,,,,,,,,,,,,,,,41389,57213,,,,,,,,,,,,,92.4,47.8863438595018,114.6,27.402323206652,,,,,,,,,,,,,,,,,,,,,,,,,,,,,,,,,83.7,102.634935690601,,,,,,,,,,,,,,
53033007406,150829,0,Census Tract 74.06,Washington,King County,85792,17880,91944,31679,61071,70952,,,147409,6142,,,,,,,,,,,,,,,,,,,,,,,43897,25973,,,,,,,,,,,,,,,,,,,,,75682,31902,151447,39706,,,,,,,40570,3068,,,,,35577,66959,,,,,,,,,,,,,,,,,,,,,,,,,,,,,,,,,,,248,295.352826868067,,,,,,,,,,,,,,,,,,,,,,,,,,,,,,,,,,,,,,,,,,,,,,,,,,
53033007501,298283,0,Census Tract 75.01,Washington,King County,84721,28905,83724,48278,41899,15173,61055,86021,146860,65667,,,,,,,,,,,123137,66303,,,,,,,,,,,41326,14163,,,,,,,,,,,,,,,,,,,,,90921,28420,96108,19593,,,,,,,,,,,,,,,,,,,,,,,,,,,,,,,,,,,,,,,,,,,,,,,,,229.4,95.3241812576614,,,,,,,,,,,,,,,,,,,,,,,,,,,,,,,,,,,,,,,,,,,,,,,,,,
53033007502,315931,0,Census Tract 75.02,Washington,King County,88958,32451,79735,40251,111250,964,,,105059,26958,,,,,,,,,,,,,,,,,,,,,,,,,,,,,,,,,,,,,,,,,,,,,96816,64596,,,,,,,,,,,,,,,,,,,,,,,,,,,,,,,,,,,,,,,,,,,,,,,,,,,,,,,,,,,,,,,,,,,,,,,,,,,,,,,,,,,,,,,,,,,,,,,,,,,,,,
53033007503,187541,0,Census Tract 75.03,Washington,King County,84490,59668,150881,89253,,,,,165981,53882,,,,,,,,,,,,,,,,,,,,,,,,,,,,,,,,,,,,,,,,,,,,,83184,29477,64805,136947,,,,,,,,,,,,,,,,,,,,,,,,,,,,,,,,,,,,,,,,,,,,,,,,,,,,,,,,,,,,,,,,,,,,,,,,,,,,,,,,,,,,,,,,,,,,,,,,,,,,
53033007901,267231,0,Census Tract 79.01,Washington,King County,85409,22334,120595,88768,194045,98796,,,178583,65085,,,,,,,,,,,,,,,,,,,,,,,,,,,,,50000,32512,57083,42817,,,,,,,,,,,,,77140,17350,98538,25625,116750,53423,,,88056,60487,,,69766,51210,,,32281,14663,120559,51427,26109,1120,,,,,,,,,,,,,,,,,42368,40559,,,,,,,,,,,,,50.8,29.0319131242142,,,,,,,,,,,,,,,,,,,,,,,,,,,,,,,,,,,74.2,44.1481283846086,,,,,,,,,,,,,,
53033007902,431244,0,Census Tract 79.02,Washington,King County,85082,16599,91528,18796,107250,25663,83947,10925,165647,27931,69091,64697,,,,,,,,,100871,23343,,,,,,,,,,,,,,,,,56928,386475,,,,,,,,,,,,,,,76116,21584,140938,73696,81016,115659,151176,56212,,,,,,,,,52031,8419,,,,,,,,,,,,,,,,,,,,,100125,23897,,,,,,,,,,,,,131.4,61.0974997857839,96.5,137.202542673398,91.3,30.2449860908977,,,,,,,,,,,,,,,,,,,,,,,,,,,,,,,,,,,,,,,,,,,,,,
53033008003,197152,0,Census Tract 80.03,Washington,King County,118750,24625,129009,32040,133750,40272,145355,172799,165288,46822,137697,125923,,,,,,,,,,,,,,,,,,,,,,,,,,,80795,80719,,,,,,,,,,,,,,,103987,27604,104230,32199,93319,117569,145678,83070,103636,90014,,,,,,,,,,,,,,,,,,,,,,,,,,,,,,,,,,,,,,,,,,,77.9,5.38359497891784,64.2,26.7794234499966,88.1,43.6176926732151,75.3,94.9247333923363,,,,,,,,,,,,,,,,,,,,,,,,,,,,,,,,,,,,,,,,,,,,
53033008004,284626,526767,Census Tract 80.04,Washington,King County,141035,19244,160669,16105,165369,20973,131738,124516,156029,35321,,,,,,,,,,,,,,,,,,,,,,,,,,,,,,,,,,,,,,,,,,,,,91034,34181,,,,,132157,75994,98214,51856,,,,,,,,,,,,,,,,,,,,,,,,,,,163125,135563,46991,22128,,,,,,,,,,,,,,,,,84.7,44.7720875418877,,,,,,,,,,,,,,,,,,,,,,,,,,,,,,,,,,,,,,,,,,,,,,
53033008101,270324,277671,Census Tract 81.01,Washington,King County,107241,18162,112011,24702,175536,169928,90500,37922,142321,59362,131333,82204,,,,,,,,,,,,,,,,,,,,,,,,,,,,,,,,,,,,,,,,,,,89647,22419,69205,156518,89667,240589,110489,69365,,,,,,,102679,130053,,,88438,78751,,,,,,,,,,,,,,,,,,,,,,,,,,,,,,,,,39.4,80.5849412918925,99.1,262.582312493396,77.6,36.4267368889925,,,,,,,,,,,,,,,,,,,,,,,,,,,,,,,,,,,,,,,,,,,,,,
53033008102,556705,91220,Census Tract 81.02,Washington,King County,135785,7377,136563,21756,246700,37620,81464,14957,146597,74234,,,,,,,,,,,,,,,,,,,,,,,,,,,,,143672,24062,84306,14683,,,,,,,,,,,,,135720,8697,136597,57667,,,,,134632,247879,,,,,,,,,,,,,,,,,,,,,,,,,,,,,,,,,,,,,,,,,,,55.4,21.797128129448,,,,,,,,,,,,,,,,,,,,,,,,,,,,,,,,,,,,,,,,,,,,,,,,,,
53033008401,250921,0,Census Tract 84.01,Washington,King County,70568,59904,121607,24401,54852,158922,,,158550,85868,,,,,,,,,,,,,,,,,,,,,,,,,,,,,,,,,,,,,,,,,,,,,58333,11921,58385,187733,59792,91141,,,,,,,,,,,,,,,,,,,,,,,,,,,,,,,,,43214,16991,,,,,,,,,,,,,106.4,148.435731908486,,,,,,,,,,,,,,,,,,,,,,,,,,,,,,,,,,,,,,,,,,,,,,,,,,
53033008402,145446,0,Census Tract 84.02,Washington,King County,78491,23687,68778,42576,88389,55305,,,198030,28601,,,,,,,,,,,,,,,,,,,,,,,,,,,,,,,,,,,,,,,,,29967,132635,,,82989,40042,225200,167689,,,138681,26677,,,,,,,,,,,79038,87737,,,,,,,,,,,,,,,,,,,84293,78502,,,,,,,,,,,,,254.8,102.852212600531,,,70,8.89796332673621,,,,,,,,,,,,,,,,,,,,,,,,,,,,,,,,,,,,,,,,,,,,,,
53033009801,1004708,0,Census Tract 98.01,Washington,King County,100859,20287,131179,28698,132250,39973,56230,16250,250001,,86993,86770,,,,,121979,141060,,,,,,,,,,,,,,,,,,,,,169185,24985,,,,,,,,,,,,,,,88456,25090,93917,57561,101000,86205,,,,,,,91917,13751,,,,,100978,84626,,,,,,,,,,,,,,,,,,,42153,219328,,,,,,,,,,,,,71,37.8635694835651,179.6,144.252560242018,,,,,,,,,,,,,,,,,,,,,,,,,,,,,,,,,,,,,,,,,,,,,,,,
53033009802,922319,0,Census Tract 98.02,Washington,King County,79063,18500,83750,26889,124868,13258,54732,41436,71307,67436,168934,68406,,,,,,,,,,,250001,,,,,,,,,,,,,,,,66250,131713,,,,,,,,,,,48967,987,,,78021,24765,114211,62925,66090,20363,,,,,,,,,,,64028,31494,,,,,,,,,,,,,,,,,,,,,,,,,,,,,,,,,,,91.5,49.4486003062852,120.8,98.6986694988155,,,,,,,,,,,,,,,,,,,,,,,,,,,,,,,,,,,,,,,,,,,,,,,,
53033010101,871622,0,Census Tract 101.01,Washington,King County,61686,17722,74236,20967,62188,33676,,,168295,122017,,,,,,,,,,,,,,,,,,,,,,,,,,,,,,,,,,,,,,,,,,,,,45954,16875,127237,53446,,,,,,,,,,,,,,,,,39002,23664,,,37730,29707,,,,,,,,,,,,,250001,,,,,,,,,,,,,,204.6,140.220182943677,,,,,,,,,,,,,,,,,,,,,,,,,,,,,,,,,,,,,,,,,,,,,,,,,,
53033010102,1623225,2170065,Census Tract 101.02,Washington,King County,88723,12802,87673,27200,167833,46164,66719,24069,136518,119799,121250,19154,,,,,,,56691,58235,,,,,,,,,,,,,,,,,,,235615,265917,59860,48566,,,32143,44526,,,,,,,,,89831,10296,98958,3668,,,,,68523,48784,,,,,,,,,,,88421,82724,,,,,,,,,,,,,,,40975,14603,51571,60185,,,,,,,,,,,,,59,16.3646809465852,,,,,56.5,39.2312609197149,,,,,,,,,,,,,,,,,,,,,,,,,,,17.4,20.5825529675316,86.2,72.2714155974191,,,,,,,,,,,,,,
53033010301,1002658,0,Census Tract 103.01,Washington,King County,66818,19989,57679,23564,116250,73432,55871,12369,109485,133387,,,,,31250,14505,59821,120321,,,,,,,,,,,,,,,,,,,,,103409,217541,46410,31389,,,,,,,,,77656,37790,,,86713,31939,100547,54512,,,210826,80444,,,,,,,,,64141,35637,,,,,,,62344,2628,,,,,,,,,,,,,,,,,,,,,,,,,,,86.5,71.9987081796907,,,192.6,245.836995467059,,,,,,,,,,,,,,,,,,,,,,,,,,,,,,,,,,,,,,,,,,,,,,
53033010302,632167,0,Census Tract 103.02,Washington,King County,62404,19911,69094,53398,117625,70901,101136,76741,132784,33688,59553,37551,,,,,,,,,46768,200705,61250,,3889,,,,,,,,,,,,,,,,,,,,,,,,,,,,,,57798,14682,219625,182489,79303,13689,,,,,,,,,59345,6866,66591,8215,50337,14501,,,,,,,,,,,,,,,,,53951,4007,,,,,,,,,,,,,,,186.7,106.78486900785,78.4,61.0185725340543,,,,,,,,,,,,,107.6,462.939477837418,,,,,,,,,,,,,,,,,,,,,,,,,,,,,,,,,,
53033010501,742016,0,Census Tract 105.01,Washington,King County,91755,19836,106812,5760,112213,33827,,,125515,11194,106567,43637,,,,,201587,38153,,,,,,,,,,,,,,,,,,,,,89113,37198,,,,,,,,,,,,,,,85114,8555,12225,148281,,,89125,32407,,,,,,,,,,,,,,,,,,,,,,,,,,,,,,,65750,44235,,,,,,,,,,,,,10.9,132.101625855171,,,71,25.0305496783078,,,,,,,,,,,,,,,,,,,,,,,,,,,,,,,,,,,,,,,,,,,,,,
53033010502,975912,0,Census Tract 105.02,Washington,King County,99906,13647,115238,40175,120126,55386,86590,20477,130977,42424,175795,57801,,,,,,,88750,73876,,,,,,,,,,,,,,,,,,,136033,190390,,,,,,,,,,,,,,,94205,20497,108201,13037,74255,31131,,,,,,,60739,42474,,,,,,,,,,,,,,,,,,,,,,,72574,71500,101497,7334,,,,,,,,,,,,,90.1,42.9241926539736,85.8,29.6867485922282,,,,,,,,,,,,,,,,,,,,,,,,,,,,,,,53.4,91.3126491386917,,,,,,,,,,,,,,,,
53033010601,1089233,0,Census Tract 106.01,Washington,King County,84943,18382,99476,21533,131579,66099,31808,78551,225009,170337,105938,36314,,,63203,16092,,,,,,,,,,,,,,,,,36111,641,,,,,88875,73923,61618,54008,,,49540,58161,,,115179,141240,,,,,71667,24207,104688,79917,,,,,,,,,,,121500,207666,70069,15010,,,,,,,,,,,,,,,,,,,,,43696,30524,,,,,,,,,,,,,79.6,45.7327428944545,,,,,,,,,,,,,,,,,,,,,,,,,,,,,,,,,,,70.9,79.4818008358015,,,,,,,,,,,,,,
53033010602,1505061,817134,Census Tract 106.02,Washington,King County,81182,15094,82409,42591,134432,53466,188846,61709,210131,201741,82348,34925,,,,,,,,,,,,,,,,,,,,,,,,,,,109233,5331,,,,,,,,,,,,,,,75833,21993,78333,59877,145083,29218,,,,,,,121339,93016,,,,,,,69272,36965,,,,,,,,,,,,,,,42348,194437,88235,74454,,,,,,,,,,,,,58.3,38.0368616509849,76.8,29.4891234425346,,,,,,,,,,,,,,,,,,,,,,,,,,,,,,,38.8,177.992012979117,,,,,,,,,,,,,,,,
53033011601,1554538,184845,Census Tract 116.01,Washington,King County,123685,26404,139427,16468,176301,94068,133208,59693,147005,67911,217893,151825,,,,,,,,,,,,,,,,,,,,,,,,,,,80331,46588,,,,,,,,,,,36761,343324,,,92778,42047,,,170855,55519,,,,,,,,,,,62639,64431,,,,,,,,,,,,,,,,,,,,,,,,,,,,,,,,,,,,,128.3,70.9974785366415,,,,,,,,,,,,,,,,,,,,,,,,,,,,,,,,,,,,,,,,,,,,,,,,
53033011602,1565825,786358,Census Tract 116.02,Washington,King County,102794,9725,109313,13679,190383,16429,,,141163,222,125298,64072,,,,,,,,,,,,,,,,,,,,,,,,,,,103510,21097,75577,25040,,,100786,2625,43125,8912,,,,,,,82760,25521,129265,62166,105089,68081,,,,,81250,84129,,,79952,51125,83646,39543,52216,40841,,,,,,,,,,,,,,,,,30391,33265,81607,37089,,,,,,,,,,,,,67.9,32.1231503751231,,,,,,,,,,,,,,,,,,,,,,,,,,,,,,,,,29.4,31.5749332158086,108,33.5921852492919,,,,,,,,,,,,,,
53033011801,1160802,630417,Census Tract 118.01,Washington,King County,73403,28737,74443,17298,159219,298192,127665,109473,,,87563,30252,,,,,,,,,,,,,,,,,,,,,,,,,,,,,72577,59677,,,,,91759,17909,,,,,,,49028,51894,98500,27450,102850,133404,,,,,,,,,,,,,,,,,,,,,,,,,,,,,,,,,,,,,,,,,,,,,,,61.9,117.138046689809,80.6,78.4021534582678,,,,,,,,,,,,,,,,,,,,,,,,,,,,,,,,,,,,,,,,,,,,,,,,
53033011802,1139611,1037832,Census Tract 118.02,Washington,King County,57766,9809,64167,23849,64214,120216,93527,19936,100729,69325,118942,3106,,,,,,,,,,,,,,,,,,,,,,,,,,,,,40875,80475,,,43646,31359,,,57770,22098,,,,,48500,11510,42481,133996,57011,24515,,,,,,,,,,,,,,,,,,,,,,,,,,,,,37778,14080,40972,28705,47846,41104,,,,,,,,,,,,,66.2,167.942422085745,61,22.7645325594614,,,,,,,,,,,,,,,,,,,,,,,,,,,,,,,,,117.1,251.442004628434,,,,,,,,,,,,,,
53033011901,1682374,0,Census Tract 119.01,Washington,King County,77438,34594,77063,30755,,,,,250001,,,,,,,,,,,,,,,,,,,,,,,,,,,,,,,,85445,65123,,,,,65833,29249,,,,,,,79000,65824,106204,789,,,,,,,,,,,,,63417,106395,,,,,,,,,,,,,,,,,,,,,58500,32363,,,,,,,,,,,,,,,,,,,,,,,,,,,,,,,,,,,,,,,,,,,,,,,,,68.5,64.4786178916558,,,,,,,,,,,,,,
53033011902,1580686,1217487,Census Tract 119.02,Washington,King County,60893,7112,66019,12749,55872,4766,,,129653,32502,59934,136679,,,,,,,,,,,,,,,,,,,,,,,,,,,17292,100139,,,,,82512,44036,,,,,29460,60732,,,59219,7719,91991,6445,,,,,,,,,,,,,,,,,,,,,,,,,,,,,,,,,,,66875,28000,,,,,,,,,,,,,164.6,18.1745768364543,,,,,,,,,,,,,,,,,,,,,,,,,,,,,,,,,,,,,,,,,,,,,,,,,,
